Acct/Book root="~PruGroup",Scen_minus50 x,Scen_minus49 x,Scen_minus48 x,Scen_minus47 x,Scen_minus46 x,Scen_minus45 x,Scen_minus44 x,Scen_minus43 x,Scen_minus42 x,Scen_minus41 x,Scen_minus40 x,Scen_minus39 x,Scen_minus38 x,Scen_minus37 x,Scen_minus36 x,Scen_minus35 x,Scen_minus34 x,Scen_minus33 x,Scen_minus32 x,Scen_minus31 x,Scen_minus30 x,Scen_minus29 x,Scen_minus28 x,Scen_minus27 x,Scen_minus26 x,Scen_minus25 x,Scen_minus24 x,Scen_minus23 x,Scen_minus22 x,Scen_minus21 x,Scen_minus20 x,Scen_minus19 x,Scen_minus18 x,Scen_minus17 x,Scen_minus16 x,Scen_minus15 x,Scen_minus14 x,Scen_minus13 x,Scen_minus12 x,Scen_minus11 x,Scen_minus10 x,Scen_minus9 x,Scen_minus8 x,Scen_minus7 x,Scen_minus6 x,Scen_minus5 x,Scen_minus4 x,Scen_minus3 x,Scen_minus2 x,Scen_minus1 x,Scen_0,Scen_plus1 x,Scen_plus2 x,Scen_plus3 x,Scen_plus4 x,Scen_plus5 x,Scen_plus6 x,Scen_plus7 x,Scen_plus8 x,Scen_plus9 x,Scen_plus10 x,Scen_plus11 x,Scen_plus12 x,Scen_plus13 x,Scen_plus14 x,Scen_plus15 x,Scen_plus16 x,Scen_plus17 x,Scen_plus18 x,Scen_plus19 x,Scen_plus20 x,Scen_plus21 x,Scen_plus22 x,Scen_plus23 x,Scen_plus24 x,Scen_plus25 x,Scen_plus26 x,Scen_plus27 x,Scen_plus28 x,Scen_plus29 x,Scen_plus30 x,Scen_plus31 x,Scen_plus32 x,Scen_plus33 x,Scen_plus34 x,Scen_plus35 x,Scen_plus36 x,Scen_plus37 x,Scen_plus38 x,Scen_plus39 x,Scen_plus40 x,Scen_plus41 x,Scen_plus42 x,Scen_plus43 x,Scen_plus44 x,Scen_plus45 x,Scen_plus46 x,Scen_plus47 x,Scen_plus48 x,Scen_plus49 x,Scen_plus50 x
PruGroup >> PCA >> Singapore >> SG_UL >> SG_UL_Protect,SCEN_307,SCEN_202,SCEN_308,SCEN_926,SCEN_622,SCEN_309,SCEN_400,SCEN_677,SCEN_795,SCEN_791,SCEN_64,SCEN_71,SCEN_335,SCEN_848,SCEN_125,SCEN_323,SCEN_311,SCEN_14,SCEN_619,SCEN_26,SCEN_169,SCEN_448,SCEN_842,SCEN_480,SCEN_638,SCEN_491,SCEN_475,SCEN_114,SCEN_875,SCEN_909,SCEN_2,SCEN_977,SCEN_856,SCEN_410,SCEN_708,SCEN_333,SCEN_960,SCEN_816,SCEN_849,SCEN_165,SCEN_310,SCEN_840,SCEN_369,SCEN_527,SCEN_263,SCEN_695,SCEN_449,SCEN_157,SCEN_32,SCEN_890,SCEN_31,SCEN_134,SCEN_133,SCEN_662,SCEN_927,SCEN_969,SCEN_433,SCEN_136,SCEN_346,SCEN_472,SCEN_484,SCEN_27,SCEN_634,SCEN_922,SCEN_408,SCEN_429,SCEN_142,SCEN_652,SCEN_663,SCEN_412,SCEN_117,SCEN_189,SCEN_820,SCEN_42,SCEN_680,SCEN_1000,SCEN_360,SCEN_635,SCEN_610,SCEN_836,SCEN_739,SCEN_993,SCEN_728,SCEN_887,SCEN_385,SCEN_576,SCEN_809,SCEN_86,SCEN_53,SCEN_551,SCEN_577,SCEN_625,SCEN_556,SCEN_90,SCEN_947,SCEN_226,SCEN_651,SCEN_363,SCEN_286,SCEN_158
PruGroup >> PCA >> Singapore >> SG_UL >> SG_UL_Saving,SCEN_795,SCEN_263,SCEN_293,SCEN_695,SCEN_894,SCEN_27,SCEN_428,SCEN_813,SCEN_435,SCEN_433,SCEN_475,SCEN_14,SCEN_480,SCEN_242,SCEN_553,SCEN_852,SCEN_31,SCEN_638,SCEN_267,SCEN_365,SCEN_436,SCEN_724,SCEN_335,SCEN_755,SCEN_539,SCEN_937,SCEN_346,SCEN_527,SCEN_486,SCEN_714,SCEN_887,SCEN_400,SCEN_32,SCEN_135,SCEN_909,SCEN_869,SCEN_399,SCEN_472,SCEN_406,SCEN_863,SCEN_625,SCEN_139,SCEN_689,SCEN_619,SCEN_977,SCEN_660,SCEN_663,SCEN_26,SCEN_376,SCEN_7,SCEN_509,SCEN_134,SCEN_439,SCEN_816,SCEN_308,SCEN_136,SCEN_408,SCEN_86,SCEN_645,SCEN_917,SCEN_642,SCEN_307,SCEN_551,SCEN_809,SCEN_964,SCEN_189,SCEN_297,SCEN_295,SCEN_785,SCEN_426,SCEN_357,SCEN_708,SCEN_875,SCEN_165,SCEN_221,SCEN_610,SCEN_662,SCEN_728,SCEN_651,SCEN_161,SCEN_412,SCEN_484,SCEN_635,SCEN_947,SCEN_820,SCEN_286,SCEN_791,SCEN_873,SCEN_226,SCEN_739,SCEN_363,SCEN_577,SCEN_652,SCEN_385,SCEN_448,SCEN_410,SCEN_53,SCEN_922,SCEN_993,SCEN_158
PruGroup >> PCA >> Singapore >> SG_UL,SCEN_309,SCEN_622,SCEN_71,SCEN_7,SCEN_114,SCEN_169,SCEN_297,SCEN_406,SCEN_795,SCEN_323,SCEN_400,SCEN_221,SCEN_161,SCEN_125,SCEN_311,SCEN_308,SCEN_335,SCEN_307,SCEN_14,SCEN_157,SCEN_842,SCEN_2,SCEN_619,SCEN_480,SCEN_491,SCEN_26,SCEN_960,SCEN_333,SCEN_638,SCEN_475,SCEN_791,SCEN_369,SCEN_840,SCEN_856,SCEN_849,SCEN_909,SCEN_310,SCEN_977,SCEN_142,SCEN_890,SCEN_449,SCEN_133,SCEN_263,SCEN_875,SCEN_448,SCEN_527,SCEN_695,SCEN_969,SCEN_927,SCEN_816,SCEN_31,SCEN_32,SCEN_708,SCEN_634,SCEN_433,SCEN_165,SCEN_134,SCEN_410,SCEN_346,SCEN_429,SCEN_472,SCEN_136,SCEN_27,SCEN_662,SCEN_117,SCEN_1000,SCEN_408,SCEN_663,SCEN_484,SCEN_42,SCEN_680,SCEN_360,SCEN_652,SCEN_412,SCEN_836,SCEN_189,SCEN_922,SCEN_820,SCEN_576,SCEN_610,SCEN_887,SCEN_635,SCEN_728,SCEN_739,SCEN_809,SCEN_556,SCEN_993,SCEN_86,SCEN_385,SCEN_625,SCEN_551,SCEN_90,SCEN_53,SCEN_577,SCEN_947,SCEN_226,SCEN_651,SCEN_363,SCEN_286,SCEN_158
PruGroup >> PCA >> Singapore,SCEN_309,SCEN_622,SCEN_71,SCEN_7,SCEN_114,SCEN_169,SCEN_297,SCEN_406,SCEN_795,SCEN_323,SCEN_400,SCEN_221,SCEN_161,SCEN_125,SCEN_311,SCEN_308,SCEN_335,SCEN_307,SCEN_14,SCEN_157,SCEN_842,SCEN_2,SCEN_619,SCEN_480,SCEN_491,SCEN_26,SCEN_960,SCEN_333,SCEN_638,SCEN_475,SCEN_791,SCEN_369,SCEN_840,SCEN_856,SCEN_849,SCEN_909,SCEN_310,SCEN_977,SCEN_142,SCEN_890,SCEN_449,SCEN_133,SCEN_263,SCEN_875,SCEN_448,SCEN_527,SCEN_695,SCEN_969,SCEN_927,SCEN_816,SCEN_31,SCEN_32,SCEN_708,SCEN_634,SCEN_433,SCEN_165,SCEN_134,SCEN_410,SCEN_346,SCEN_429,SCEN_472,SCEN_136,SCEN_27,SCEN_662,SCEN_117,SCEN_1000,SCEN_408,SCEN_663,SCEN_484,SCEN_42,SCEN_680,SCEN_360,SCEN_652,SCEN_412,SCEN_836,SCEN_189,SCEN_922,SCEN_820,SCEN_576,SCEN_610,SCEN_887,SCEN_635,SCEN_728,SCEN_739,SCEN_809,SCEN_556,SCEN_993,SCEN_86,SCEN_385,SCEN_625,SCEN_551,SCEN_90,SCEN_53,SCEN_577,SCEN_947,SCEN_226,SCEN_651,SCEN_363,SCEN_286,SCEN_158
PruGroup >> PCA >> TAI >> TAI_Asset_NP,SCEN_849,SCEN_873,SCEN_629,SCEN_406,SCEN_986,SCEN_863,SCEN_557,SCEN_799,SCEN_45,SCEN_989,SCEN_322,SCEN_404,SCEN_267,SCEN_843,SCEN_214,SCEN_263,SCEN_278,SCEN_134,SCEN_426,SCEN_175,SCEN_2,SCEN_414,SCEN_1,SCEN_503,SCEN_953,SCEN_136,SCEN_222,SCEN_894,SCEN_165,SCEN_319,SCEN_42,SCEN_817,SCEN_481,SCEN_927,SCEN_346,SCEN_686,SCEN_809,SCEN_652,SCEN_577,SCEN_164,SCEN_429,SCEN_154,SCEN_688,SCEN_638,SCEN_977,SCEN_680,SCEN_660,SCEN_5,SCEN_33,SCEN_625,SCEN_795,SCEN_610,SCEN_449,SCEN_321,SCEN_148,SCEN_57,SCEN_960,SCEN_352,SCEN_947,SCEN_677,SCEN_978,SCEN_264,SCEN_171,SCEN_246,SCEN_558,SCEN_157,SCEN_578,SCEN_956,SCEN_887,SCEN_856,SCEN_161,SCEN_655,SCEN_7,SCEN_428,SCEN_690,SCEN_922,SCEN_553,SCEN_226,SCEN_369,SCEN_139,SCEN_484,SCEN_410,SCEN_91,SCEN_842,SCEN_755,SCEN_335,SCEN_433,SCEN_993,SCEN_580,SCEN_507,SCEN_802,SCEN_363,SCEN_147,SCEN_917,SCEN_791,SCEN_31,SCEN_816,SCEN_448,SCEN_651,SCEN_158
PruGroup >> PCA >> TAI >> TAI_NP_CP_IF,SCEN_560,SCEN_783,SCEN_245,SCEN_255,SCEN_997,SCEN_876,SCEN_51,SCEN_853,SCEN_757,SCEN_24,SCEN_946,SCEN_812,SCEN_862,SCEN_932,SCEN_744,SCEN_501,SCEN_166,SCEN_826,SCEN_401,SCEN_963,SCEN_945,SCEN_659,SCEN_602,SCEN_395,SCEN_85,SCEN_546,SCEN_345,SCEN_798,SCEN_786,SCEN_766,SCEN_470,SCEN_106,SCEN_710,SCEN_709,SCEN_324,SCEN_446,SCEN_469,SCEN_485,SCEN_609,SCEN_916,SCEN_195,SCEN_562,SCEN_885,SCEN_247,SCEN_940,SCEN_502,SCEN_366,SCEN_701,SCEN_838,SCEN_500,SCEN_361,SCEN_22,SCEN_518,SCEN_904,SCEN_108,SCEN_463,SCEN_521,SCEN_300,SCEN_229,SCEN_712,SCEN_425,SCEN_888,SCEN_464,SCEN_561,SCEN_421,SCEN_806,SCEN_773,SCEN_17,SCEN_781,SCEN_146,SCEN_187,SCEN_441,SCEN_637,SCEN_105,SCEN_563,SCEN_37,SCEN_520,SCEN_528,SCEN_145,SCEN_923,SCEN_540,SCEN_930,SCEN_265,SCEN_58,SCEN_846,SCEN_545,SCEN_684,SCEN_372,SCEN_983,SCEN_65,SCEN_936,SCEN_342,SCEN_487,SCEN_603,SCEN_943,SCEN_424,SCEN_519,SCEN_829,SCEN_77,SCEN_868
PruGroup >> PCA >> TAI >> TAI_NP_SAV_IF,SCEN_168,SCEN_247,SCEN_855,SCEN_932,SCEN_435,SCEN_666,SCEN_177,SCEN_20,SCEN_224,SCEN_82,SCEN_418,SCEN_963,SCEN_796,SCEN_972,SCEN_997,SCEN_401,SCEN_277,SCEN_106,SCEN_501,SCEN_546,SCEN_195,SCEN_767,SCEN_366,SCEN_581,SCEN_470,SCEN_945,SCEN_659,SCEN_90,SCEN_469,SCEN_398,SCEN_826,SCEN_806,SCEN_485,SCEN_858,SCEN_464,SCEN_838,SCEN_229,SCEN_712,SCEN_916,SCEN_904,SCEN_24,SCEN_500,SCEN_518,SCEN_602,SCEN_361,SCEN_17,SCEN_940,SCEN_395,SCEN_766,SCEN_609,SCEN_145,SCEN_562,SCEN_709,SCEN_85,SCEN_710,SCEN_812,SCEN_37,SCEN_923,SCEN_502,SCEN_146,SCEN_441,SCEN_540,SCEN_885,SCEN_773,SCEN_520,SCEN_862,SCEN_425,SCEN_22,SCEN_463,SCEN_781,SCEN_446,SCEN_701,SCEN_421,SCEN_521,SCEN_105,SCEN_684,SCEN_637,SCEN_187,SCEN_888,SCEN_563,SCEN_528,SCEN_487,SCEN_545,SCEN_561,SCEN_936,SCEN_372,SCEN_342,SCEN_265,SCEN_58,SCEN_930,SCEN_829,SCEN_77,SCEN_424,SCEN_983,SCEN_65,SCEN_943,SCEN_846,SCEN_603,SCEN_868,SCEN_519
PruGroup >> PCA >> TAI,SCEN_327,SCEN_849,SCEN_278,SCEN_663,SCEN_984,SCEN_45,SCEN_873,SCEN_809,SCEN_385,SCEN_42,SCEN_319,SCEN_894,SCEN_863,SCEN_799,SCEN_652,SCEN_979,SCEN_426,SCEN_346,SCEN_214,SCEN_322,SCEN_577,SCEN_820,SCEN_557,SCEN_869,SCEN_412,SCEN_953,SCEN_686,SCEN_986,SCEN_175,SCEN_165,SCEN_638,SCEN_2,SCEN_688,SCEN_134,SCEN_154,SCEN_406,SCEN_680,SCEN_927,SCEN_481,SCEN_321,SCEN_795,SCEN_817,SCEN_578,SCEN_33,SCEN_414,SCEN_429,SCEN_677,SCEN_887,SCEN_947,SCEN_5,SCEN_558,SCEN_977,SCEN_610,SCEN_164,SCEN_449,SCEN_856,SCEN_690,SCEN_625,SCEN_264,SCEN_1,SCEN_503,SCEN_660,SCEN_655,SCEN_369,SCEN_352,SCEN_171,SCEN_57,SCEN_553,SCEN_157,SCEN_960,SCEN_428,SCEN_148,SCEN_246,SCEN_335,SCEN_91,SCEN_161,SCEN_956,SCEN_7,SCEN_226,SCEN_842,SCEN_433,SCEN_978,SCEN_993,SCEN_580,SCEN_363,SCEN_484,SCEN_147,SCEN_31,SCEN_922,SCEN_802,SCEN_410,SCEN_139,SCEN_507,SCEN_917,SCEN_755,SCEN_816,SCEN_791,SCEN_651,SCEN_448,SCEN_158
PruGroup >> PCA,SCEN_417,SCEN_711,SCEN_71,SCEN_173,SCEN_984,SCEN_999,SCEN_648,SCEN_746,SCEN_807,SCEN_559,SCEN_918,SCEN_831,SCEN_886,SCEN_875,SCEN_842,SCEN_26,SCEN_234,SCEN_977,SCEN_360,SCEN_769,SCEN_289,SCEN_132,SCEN_697,SCEN_960,SCEN_242,SCEN_165,SCEN_956,SCEN_509,SCEN_19,SCEN_542,SCEN_53,SCEN_120,SCEN_246,SCEN_394,SCEN_727,SCEN_7,SCEN_635,SCEN_802,SCEN_708,SCEN_817,SCEN_986,SCEN_226,SCEN_220,SCEN_134,SCEN_663,SCEN_459,SCEN_557,SCEN_660,SCEN_890,SCEN_212,SCEN_57,SCEN_812,SCEN_803,SCEN_937,SCEN_990,SCEN_322,SCEN_669,SCEN_966,SCEN_440,SCEN_295,SCEN_883,SCEN_484,SCEN_979,SCEN_676,SCEN_406,SCEN_507,SCEN_283,SCEN_158,SCEN_929,SCEN_79,SCEN_714,SCEN_820,SCEN_452,SCEN_964,SCEN_148,SCEN_316,SCEN_164,SCEN_899,SCEN_161,SCEN_105,SCEN_689,SCEN_414,SCEN_667,SCEN_492,SCEN_602,SCEN_12,SCEN_410,SCEN_412,SCEN_125,SCEN_978,SCEN_922,SCEN_56,SCEN_139,SCEN_791,SCEN_1,SCEN_869,SCEN_503,SCEN_755,SCEN_709,SCEN_448
PruGroup >> UKIO >> UKIO_PH >> UK_DCPSF >> UK_DCP_DEFCHG,SCEN_780,SCEN_408,SCEN_930,SCEN_634,SCEN_195,SCEN_972,SCEN_310,SCEN_147,SCEN_280,SCEN_419,SCEN_606,SCEN_673,SCEN_238,SCEN_134,SCEN_416,SCEN_947,SCEN_75,SCEN_350,SCEN_89,SCEN_710,SCEN_639,SCEN_68,SCEN_455,SCEN_996,SCEN_665,SCEN_751,SCEN_148,SCEN_563,SCEN_908,SCEN_931,SCEN_221,SCEN_517,SCEN_913,SCEN_678,SCEN_411,SCEN_304,SCEN_59,SCEN_901,SCEN_833,SCEN_726,SCEN_520,SCEN_318,SCEN_50,SCEN_856,SCEN_570,SCEN_619,SCEN_460,SCEN_879,SCEN_736,SCEN_712,SCEN_561,SCEN_364,SCEN_670,SCEN_70,SCEN_114,SCEN_265,SCEN_392,SCEN_725,SCEN_948,SCEN_233,SCEN_236,SCEN_594,SCEN_224,SCEN_622,SCEN_608,SCEN_122,SCEN_293,SCEN_614,SCEN_466,SCEN_825,SCEN_383,SCEN_386,SCEN_415,SCEN_510,SCEN_494,SCEN_296,SCEN_395,SCEN_650,SCEN_679,SCEN_896,SCEN_784,SCEN_852,SCEN_975,SCEN_447,SCEN_180,SCEN_683,SCEN_841,SCEN_87,SCEN_464,SCEN_742,SCEN_253,SCEN_592,SCEN_967,SCEN_806,SCEN_207,SCEN_860,SCEN_514,SCEN_146,SCEN_966,SCEN_944
PruGroup >> UKIO >> UKIO_PH >> UK_DCPSF,SCEN_780,SCEN_408,SCEN_930,SCEN_634,SCEN_195,SCEN_972,SCEN_310,SCEN_147,SCEN_280,SCEN_419,SCEN_606,SCEN_673,SCEN_238,SCEN_134,SCEN_416,SCEN_947,SCEN_75,SCEN_350,SCEN_89,SCEN_710,SCEN_639,SCEN_68,SCEN_455,SCEN_996,SCEN_665,SCEN_751,SCEN_148,SCEN_563,SCEN_908,SCEN_931,SCEN_221,SCEN_517,SCEN_913,SCEN_678,SCEN_411,SCEN_304,SCEN_59,SCEN_901,SCEN_833,SCEN_726,SCEN_520,SCEN_318,SCEN_50,SCEN_856,SCEN_570,SCEN_619,SCEN_460,SCEN_879,SCEN_736,SCEN_712,SCEN_561,SCEN_364,SCEN_670,SCEN_70,SCEN_114,SCEN_265,SCEN_392,SCEN_725,SCEN_948,SCEN_233,SCEN_236,SCEN_594,SCEN_224,SCEN_622,SCEN_608,SCEN_122,SCEN_293,SCEN_614,SCEN_466,SCEN_825,SCEN_383,SCEN_386,SCEN_415,SCEN_510,SCEN_494,SCEN_296,SCEN_395,SCEN_650,SCEN_679,SCEN_896,SCEN_784,SCEN_852,SCEN_975,SCEN_447,SCEN_180,SCEN_683,SCEN_841,SCEN_87,SCEN_464,SCEN_742,SCEN_253,SCEN_592,SCEN_967,SCEN_806,SCEN_207,SCEN_860,SCEN_514,SCEN_146,SCEN_966,SCEN_944
PruGroup >> UKIO >> UKIO_PH >> UK_SAIF >> UK_SAIF_NP,SCEN_274,SCEN_919,SCEN_385,SCEN_697,SCEN_502,SCEN_862,SCEN_243,SCEN_357,SCEN_381,SCEN_660,SCEN_761,SCEN_535,SCEN_814,SCEN_867,SCEN_125,SCEN_293,SCEN_371,SCEN_742,SCEN_871,SCEN_39,SCEN_190,SCEN_120,SCEN_399,SCEN_969,SCEN_693,SCEN_14,SCEN_118,SCEN_259,SCEN_706,SCEN_858,SCEN_314,SCEN_24,SCEN_78,SCEN_140,SCEN_651,SCEN_710,SCEN_847,SCEN_165,SCEN_811,SCEN_917,SCEN_982,SCEN_168,SCEN_11,SCEN_198,SCEN_331,SCEN_911,SCEN_160,SCEN_335,SCEN_596,SCEN_928,SCEN_129,SCEN_556,SCEN_724,SCEN_429,SCEN_489,SCEN_682,SCEN_9,SCEN_188,SCEN_222,SCEN_228,SCEN_686,SCEN_986,SCEN_922,SCEN_600,SCEN_334,SCEN_131,SCEN_144,SCEN_204,SCEN_352,SCEN_302,SCEN_337,SCEN_623,SCEN_509,SCEN_115,SCEN_702,SCEN_782,SCEN_7,SCEN_248,SCEN_501,SCEN_664,SCEN_425,SCEN_457,SCEN_511,SCEN_848,SCEN_447,SCEN_995,SCEN_581,SCEN_645,SCEN_351,SCEN_130,SCEN_358,SCEN_708,SCEN_383,SCEN_861,SCEN_793,SCEN_530,SCEN_316,SCEN_245,SCEN_583,SCEN_219
PruGroup >> UKIO >> UKIO_PH >> UK_SAIF >> UK_SAIF_WP,SCEN_901,SCEN_763,SCEN_425,SCEN_68,SCEN_304,SCEN_195,SCEN_867,SCEN_574,SCEN_75,SCEN_931,SCEN_261,SCEN_710,SCEN_419,SCEN_395,SCEN_315,SCEN_991,SCEN_679,SCEN_147,SCEN_665,SCEN_884,SCEN_341,SCEN_594,SCEN_89,SCEN_364,SCEN_673,SCEN_751,SCEN_50,SCEN_466,SCEN_455,SCEN_416,SCEN_879,SCEN_114,SCEN_561,SCEN_678,SCEN_902,SCEN_221,SCEN_350,SCEN_460,SCEN_825,SCEN_670,SCEN_238,SCEN_408,SCEN_606,SCEN_59,SCEN_70,SCEN_930,SCEN_833,SCEN_856,SCEN_780,SCEN_947,SCEN_726,SCEN_841,SCEN_233,SCEN_318,SCEN_736,SCEN_494,SCEN_148,SCEN_725,SCEN_386,SCEN_464,SCEN_296,SCEN_908,SCEN_622,SCEN_293,SCEN_614,SCEN_265,SCEN_236,SCEN_447,SCEN_392,SCEN_517,SCEN_520,SCEN_742,SCEN_712,SCEN_896,SCEN_570,SCEN_592,SCEN_224,SCEN_122,SCEN_948,SCEN_207,SCEN_608,SCEN_860,SCEN_913,SCEN_383,SCEN_784,SCEN_510,SCEN_852,SCEN_650,SCEN_514,SCEN_415,SCEN_975,SCEN_253,SCEN_806,SCEN_683,SCEN_180,SCEN_87,SCEN_967,SCEN_966,SCEN_146,SCEN_944
PruGroup >> UKIO >> UKIO_PH >> UK_SAIF,SCEN_901,SCEN_763,SCEN_425,SCEN_68,SCEN_304,SCEN_195,SCEN_867,SCEN_574,SCEN_75,SCEN_931,SCEN_261,SCEN_710,SCEN_419,SCEN_395,SCEN_315,SCEN_991,SCEN_679,SCEN_147,SCEN_665,SCEN_884,SCEN_341,SCEN_594,SCEN_89,SCEN_364,SCEN_673,SCEN_751,SCEN_50,SCEN_466,SCEN_455,SCEN_416,SCEN_879,SCEN_114,SCEN_561,SCEN_678,SCEN_902,SCEN_221,SCEN_350,SCEN_460,SCEN_825,SCEN_670,SCEN_238,SCEN_408,SCEN_606,SCEN_59,SCEN_70,SCEN_930,SCEN_833,SCEN_856,SCEN_780,SCEN_947,SCEN_726,SCEN_841,SCEN_233,SCEN_318,SCEN_736,SCEN_494,SCEN_148,SCEN_725,SCEN_386,SCEN_464,SCEN_296,SCEN_908,SCEN_622,SCEN_293,SCEN_614,SCEN_265,SCEN_236,SCEN_447,SCEN_392,SCEN_517,SCEN_520,SCEN_742,SCEN_712,SCEN_896,SCEN_570,SCEN_592,SCEN_224,SCEN_122,SCEN_948,SCEN_207,SCEN_608,SCEN_860,SCEN_913,SCEN_383,SCEN_784,SCEN_510,SCEN_852,SCEN_650,SCEN_514,SCEN_415,SCEN_975,SCEN_253,SCEN_806,SCEN_683,SCEN_180,SCEN_87,SCEN_967,SCEN_966,SCEN_146,SCEN_944
PruGroup >> UKIO >> UKIO_PH >> UK_WPSF >> UK_WPSF_NP,SCEN_991,SCEN_22,SCEN_99,SCEN_428,SCEN_54,SCEN_330,SCEN_686,SCEN_14,SCEN_506,SCEN_920,SCEN_267,SCEN_457,SCEN_839,SCEN_57,SCEN_197,SCEN_425,SCEN_32,SCEN_535,SCEN_682,SCEN_87,SCEN_93,SCEN_955,SCEN_442,SCEN_505,SCEN_512,SCEN_775,SCEN_969,SCEN_599,SCEN_515,SCEN_669,SCEN_850,SCEN_923,SCEN_982,SCEN_134,SCEN_875,SCEN_189,SCEN_688,SCEN_977,SCEN_117,SCEN_565,SCEN_673,SCEN_82,SCEN_167,SCEN_251,SCEN_348,SCEN_988,SCEN_521,SCEN_593,SCEN_606,SCEN_672,SCEN_56,SCEN_230,SCEN_501,SCEN_592,SCEN_922,SCEN_285,SCEN_449,SCEN_596,SCEN_973,SCEN_174,SCEN_791,SCEN_108,SCEN_148,SCEN_181,SCEN_342,SCEN_488,SCEN_838,SCEN_889,SCEN_905,SCEN_204,SCEN_458,SCEN_165,SCEN_351,SCEN_29,SCEN_159,SCEN_568,SCEN_625,SCEN_971,SCEN_279,SCEN_857,SCEN_59,SCEN_199,SCEN_313,SCEN_295,SCEN_575,SCEN_406,SCEN_7,SCEN_953,SCEN_782,SCEN_708,SCEN_249,SCEN_916,SCEN_645,SCEN_469,SCEN_814,SCEN_440,SCEN_420,SCEN_290,SCEN_869,SCEN_976
PruGroup >> UKIO >> UKIO_PH >> UK_WPSF >> UK_WPSF_WP,SCEN_972,SCEN_425,SCEN_776,SCEN_902,SCEN_216,SCEN_341,SCEN_665,SCEN_619,SCEN_419,SCEN_673,SCEN_364,SCEN_751,SCEN_147,SCEN_195,SCEN_931,SCEN_561,SCEN_68,SCEN_315,SCEN_304,SCEN_75,SCEN_991,SCEN_408,SCEN_89,SCEN_261,SCEN_455,SCEN_679,SCEN_148,SCEN_114,SCEN_710,SCEN_884,SCEN_395,SCEN_466,SCEN_460,SCEN_50,SCEN_416,SCEN_594,SCEN_678,SCEN_856,SCEN_350,SCEN_726,SCEN_879,SCEN_780,SCEN_318,SCEN_221,SCEN_947,SCEN_238,SCEN_517,SCEN_930,SCEN_736,SCEN_494,SCEN_825,SCEN_908,SCEN_670,SCEN_520,SCEN_59,SCEN_606,SCEN_386,SCEN_265,SCEN_70,SCEN_233,SCEN_833,SCEN_236,SCEN_293,SCEN_622,SCEN_841,SCEN_614,SCEN_712,SCEN_913,SCEN_224,SCEN_296,SCEN_948,SCEN_392,SCEN_725,SCEN_464,SCEN_896,SCEN_122,SCEN_570,SCEN_447,SCEN_742,SCEN_415,SCEN_608,SCEN_592,SCEN_784,SCEN_207,SCEN_383,SCEN_510,SCEN_650,SCEN_975,SCEN_852,SCEN_253,SCEN_860,SCEN_806,SCEN_683,SCEN_514,SCEN_87,SCEN_180,SCEN_967,SCEN_966,SCEN_146,SCEN_944
PruGroup >> UKIO >> UKIO_PH >> UK_WPSF,SCEN_972,SCEN_425,SCEN_776,SCEN_902,SCEN_216,SCEN_341,SCEN_665,SCEN_619,SCEN_419,SCEN_673,SCEN_364,SCEN_751,SCEN_147,SCEN_195,SCEN_931,SCEN_561,SCEN_68,SCEN_315,SCEN_304,SCEN_75,SCEN_991,SCEN_408,SCEN_89,SCEN_261,SCEN_455,SCEN_679,SCEN_148,SCEN_114,SCEN_710,SCEN_884,SCEN_395,SCEN_466,SCEN_460,SCEN_50,SCEN_416,SCEN_594,SCEN_678,SCEN_856,SCEN_350,SCEN_726,SCEN_879,SCEN_780,SCEN_318,SCEN_221,SCEN_947,SCEN_238,SCEN_517,SCEN_930,SCEN_736,SCEN_494,SCEN_825,SCEN_908,SCEN_670,SCEN_520,SCEN_59,SCEN_606,SCEN_386,SCEN_265,SCEN_70,SCEN_233,SCEN_833,SCEN_236,SCEN_293,SCEN_622,SCEN_841,SCEN_614,SCEN_712,SCEN_913,SCEN_224,SCEN_296,SCEN_948,SCEN_392,SCEN_725,SCEN_464,SCEN_896,SCEN_122,SCEN_570,SCEN_447,SCEN_742,SCEN_415,SCEN_608,SCEN_592,SCEN_784,SCEN_207,SCEN_383,SCEN_510,SCEN_650,SCEN_975,SCEN_852,SCEN_253,SCEN_860,SCEN_806,SCEN_683,SCEN_514,SCEN_87,SCEN_180,SCEN_967,SCEN_966,SCEN_146,SCEN_944
PruGroup >> UKIO >> UKIO_PH,SCEN_972,SCEN_776,SCEN_425,SCEN_216,SCEN_902,SCEN_341,SCEN_665,SCEN_419,SCEN_619,SCEN_195,SCEN_147,SCEN_673,SCEN_931,SCEN_68,SCEN_991,SCEN_751,SCEN_315,SCEN_364,SCEN_75,SCEN_261,SCEN_304,SCEN_561,SCEN_89,SCEN_710,SCEN_884,SCEN_408,SCEN_455,SCEN_679,SCEN_114,SCEN_148,SCEN_395,SCEN_50,SCEN_416,SCEN_466,SCEN_460,SCEN_594,SCEN_678,SCEN_350,SCEN_879,SCEN_780,SCEN_856,SCEN_726,SCEN_221,SCEN_318,SCEN_947,SCEN_238,SCEN_930,SCEN_606,SCEN_670,SCEN_736,SCEN_825,SCEN_908,SCEN_59,SCEN_517,SCEN_494,SCEN_70,SCEN_520,SCEN_833,SCEN_386,SCEN_233,SCEN_265,SCEN_236,SCEN_293,SCEN_622,SCEN_841,SCEN_614,SCEN_712,SCEN_913,SCEN_725,SCEN_296,SCEN_392,SCEN_224,SCEN_948,SCEN_464,SCEN_570,SCEN_896,SCEN_122,SCEN_447,SCEN_742,SCEN_608,SCEN_415,SCEN_592,SCEN_784,SCEN_383,SCEN_207,SCEN_510,SCEN_650,SCEN_852,SCEN_975,SCEN_860,SCEN_253,SCEN_806,SCEN_683,SCEN_514,SCEN_87,SCEN_180,SCEN_967,SCEN_966,SCEN_146,SCEN_944
PruGroup >> UKIO >> UKIO_SH >> UK_NPSF_Other >> CreditLife,SCEN_726,SCEN_750,SCEN_803,SCEN_823,SCEN_829,SCEN_842,SCEN_869,SCEN_872,SCEN_890,SCEN_907,SCEN_925,SCEN_25,SCEN_29,SCEN_46,SCEN_120,SCEN_145,SCEN_151,SCEN_297,SCEN_303,SCEN_305,SCEN_323,SCEN_324,SCEN_350,SCEN_372,SCEN_466,SCEN_388,SCEN_419,SCEN_520,SCEN_579,SCEN_714,SCEN_764,SCEN_795,SCEN_839,SCEN_847,SCEN_880,SCEN_896,SCEN_957,SCEN_974,SCEN_998,SCEN_1000,SCEN_535,SCEN_614,SCEN_37,SCEN_86,SCEN_143,SCEN_156,SCEN_158,SCEN_268,SCEN_311,SCEN_356,SCEN_368,SCEN_408,SCEN_425,SCEN_441,SCEN_495,SCEN_564,SCEN_584,SCEN_636,SCEN_651,SCEN_676,SCEN_953,SCEN_35,SCEN_107,SCEN_142,SCEN_202,SCEN_509,SCEN_555,SCEN_578,SCEN_622,SCEN_782,SCEN_930,SCEN_961,SCEN_983,SCEN_987,SCEN_244,SCEN_263,SCEN_309,SCEN_669,SCEN_30,SCEN_65,SCEN_111,SCEN_431,SCEN_506,SCEN_897,SCEN_948,SCEN_293,SCEN_483,SCEN_494,SCEN_738,SCEN_458,SCEN_696,SCEN_688,SCEN_848,SCEN_905,SCEN_999,SCEN_923,SCEN_541,SCEN_360,SCEN_916,SCEN_850
PruGroup >> UKIO >> UKIO_SH >> UK_NPSF_Other >> ELAS,SCEN_941,SCEN_6,SCEN_17,SCEN_29,SCEN_129,SCEN_230,SCEN_244,SCEN_248,SCEN_148,SCEN_158,SCEN_159,SCEN_160,SCEN_169,SCEN_174,SCEN_130,SCEN_290,SCEN_509,SCEN_673,SCEN_688,SCEN_693,SCEN_753,SCEN_777,SCEN_817,SCEN_847,SCEN_850,SCEN_907,SCEN_910,SCEN_920,SCEN_942,SCEN_919,SCEN_924,SCEN_953,SCEN_971,SCEN_986,SCEN_998,SCEN_988,SCEN_302,SCEN_358,SCEN_442,SCEN_447,SCEN_483,SCEN_488,SCEN_511,SCEN_535,SCEN_581,SCEN_592,SCEN_651,SCEN_696,SCEN_724,SCEN_14,SCEN_144,SCEN_204,SCEN_218,SCEN_222,SCEN_39,SCEN_530,SCEN_568,SCEN_583,SCEN_625,SCEN_686,SCEN_793,SCEN_839,SCEN_861,SCEN_917,SCEN_969,SCEN_976,SCEN_977,SCEN_982,SCEN_996,SCEN_999,SCEN_911,SCEN_922,SCEN_165,SCEN_249,SCEN_293,SCEN_314,SCEN_316,SCEN_335,SCEN_352,SCEN_406,SCEN_420,SCEN_457,SCEN_501,SCEN_502,SCEN_848,SCEN_857,SCEN_869,SCEN_973,SCEN_245,SCEN_425,SCEN_623,SCEN_708,SCEN_995,SCEN_7,SCEN_351,SCEN_814,SCEN_219,SCEN_645,SCEN_782,SCEN_916
PruGroup >> UKIO >> UKIO_SH >> UK_NPSF_Other >> ExSAL,SCEN_996,SCEN_372,SCEN_451,SCEN_855,SCEN_870,SCEN_917,SCEN_93,SCEN_174,SCEN_465,SCEN_488,SCEN_541,SCEN_682,SCEN_918,SCEN_963,SCEN_426,SCEN_458,SCEN_848,SCEN_6,SCEN_303,SCEN_676,SCEN_842,SCEN_977,SCEN_988,SCEN_201,SCEN_18,SCEN_29,SCEN_39,SCEN_322,SCEN_660,SCEN_755,SCEN_189,SCEN_791,SCEN_204,SCEN_230,SCEN_420,SCEN_440,SCEN_469,SCEN_378,SCEN_523,SCEN_535,SCEN_255,SCEN_714,SCEN_782,SCEN_995,SCEN_302,SCEN_626,SCEN_969,SCEN_25,SCEN_56,SCEN_953,SCEN_158,SCEN_568,SCEN_314,SCEN_511,SCEN_896,SCEN_245,SCEN_530,SCEN_890,SCEN_973,SCEN_976,SCEN_993,SCEN_181,SCEN_335,SCEN_597,SCEN_295,SCEN_686,SCEN_850,SCEN_911,SCEN_515,SCEN_293,SCEN_916,SCEN_436,SCEN_17,SCEN_351,SCEN_148,SCEN_625,SCEN_922,SCEN_249,SCEN_708,SCEN_982,SCEN_449,SCEN_406,SCEN_623,SCEN_688,SCEN_78,SCEN_602,SCEN_857,SCEN_357,SCEN_669,SCEN_501,SCEN_290,SCEN_672,SCEN_875,SCEN_7,SCEN_820,SCEN_165,SCEN_218,SCEN_645,SCEN_814,SCEN_869
PruGroup >> UKIO >> UKIO_SH >> UK_NPSF_Other >> NPSF_Assets_NUL,SCEN_901,SCEN_902,SCEN_903,SCEN_904,SCEN_905,SCEN_906,SCEN_907,SCEN_908,SCEN_909,SCEN_910,SCEN_911,SCEN_912,SCEN_913,SCEN_914,SCEN_915,SCEN_916,SCEN_917,SCEN_918,SCEN_919,SCEN_920,SCEN_921,SCEN_922,SCEN_923,SCEN_924,SCEN_925,SCEN_926,SCEN_927,SCEN_928,SCEN_929,SCEN_930,SCEN_931,SCEN_932,SCEN_933,SCEN_934,SCEN_935,SCEN_936,SCEN_937,SCEN_938,SCEN_939,SCEN_940,SCEN_941,SCEN_942,SCEN_943,SCEN_944,SCEN_945,SCEN_946,SCEN_947,SCEN_948,SCEN_949,SCEN_950,SCEN_951,SCEN_952,SCEN_953,SCEN_954,SCEN_955,SCEN_956,SCEN_957,SCEN_958,SCEN_959,SCEN_960,SCEN_961,SCEN_962,SCEN_963,SCEN_964,SCEN_965,SCEN_966,SCEN_967,SCEN_968,SCEN_969,SCEN_970,SCEN_971,SCEN_972,SCEN_973,SCEN_974,SCEN_975,SCEN_976,SCEN_977,SCEN_978,SCEN_979,SCEN_980,SCEN_981,SCEN_982,SCEN_983,SCEN_984,SCEN_985,SCEN_986,SCEN_987,SCEN_988,SCEN_989,SCEN_990,SCEN_991,SCEN_992,SCEN_993,SCEN_994,SCEN_995,SCEN_996,SCEN_997,SCEN_998,SCEN_999,SCEN_1000
PruGroup >> UKIO >> UKIO_SH >> UK_NPSF_Other >> PANL,SCEN_910,SCEN_914,SCEN_917,SCEN_920,SCEN_921,SCEN_924,SCEN_929,SCEN_933,SCEN_934,SCEN_936,SCEN_937,SCEN_939,SCEN_958,SCEN_960,SCEN_970,SCEN_971,SCEN_975,SCEN_980,SCEN_981,SCEN_990,SCEN_991,SCEN_992,SCEN_1000,SCEN_941,SCEN_942,SCEN_944,SCEN_945,SCEN_947,SCEN_949,SCEN_950,SCEN_952,SCEN_951,SCEN_959,SCEN_961,SCEN_962,SCEN_965,SCEN_967,SCEN_968,SCEN_966,SCEN_625,SCEN_645,SCEN_669,SCEN_672,SCEN_673,SCEN_675,SCEN_674,SCEN_676,SCEN_677,SCEN_679,SCEN_681,SCEN_683,SCEN_680,SCEN_682,SCEN_684,SCEN_685,SCEN_687,SCEN_686,SCEN_708,SCEN_714,SCEN_724,SCEN_730,SCEN_734,SCEN_782,SCEN_791,SCEN_793,SCEN_814,SCEN_857,SCEN_870,SCEN_872,SCEN_873,SCEN_874,SCEN_875,SCEN_911,SCEN_918,SCEN_919,SCEN_953,SCEN_963,SCEN_964,SCEN_969,SCEN_978,SCEN_983,SCEN_984,SCEN_985,SCEN_986,SCEN_916,SCEN_922,SCEN_928,SCEN_973,SCEN_976,SCEN_977,SCEN_979,SCEN_982,SCEN_988,SCEN_993,SCEN_995,SCEN_996,SCEN_997,SCEN_998,SCEN_999,SCEN_869
PruGroup >> UKIO >> UKIO_SH >> UK_NPSF_Other >> PHL,SCEN_452,SCEN_458,SCEN_469,SCEN_496,SCEN_420,SCEN_426,SCEN_488,SCEN_511,SCEN_521,SCEN_523,SCEN_660,SCEN_666,SCEN_676,SCEN_680,SCEN_682,SCEN_693,SCEN_714,SCEN_724,SCEN_755,SCEN_813,SCEN_817,SCEN_820,SCEN_842,SCEN_979,SCEN_777,SCEN_848,SCEN_855,SCEN_17,SCEN_25,SCEN_29,SCEN_56,SCEN_57,SCEN_78,SCEN_158,SCEN_204,SCEN_230,SCEN_181,SCEN_245,SCEN_293,SCEN_302,SCEN_303,SCEN_335,SCEN_535,SCEN_597,SCEN_626,SCEN_791,SCEN_850,SCEN_870,SCEN_890,SCEN_918,SCEN_919,SCEN_924,SCEN_928,SCEN_996,SCEN_997,SCEN_953,SCEN_963,SCEN_969,SCEN_148,SCEN_295,SCEN_436,SCEN_501,SCEN_515,SCEN_686,SCEN_688,SCEN_165,SCEN_218,SCEN_249,SCEN_314,SCEN_322,SCEN_440,SCEN_357,SCEN_449,SCEN_530,SCEN_568,SCEN_623,SCEN_669,SCEN_672,SCEN_708,SCEN_782,SCEN_976,SCEN_977,SCEN_857,SCEN_875,SCEN_911,SCEN_922,SCEN_988,SCEN_993,SCEN_995,SCEN_290,SCEN_406,SCEN_916,SCEN_973,SCEN_982,SCEN_7,SCEN_351,SCEN_625,SCEN_645,SCEN_814,SCEN_869
PruGroup >> UKIO >> UKIO_SH >> UK_NPSF_Other >> PruBond,SCEN_388,SCEN_440,SCEN_855,SCEN_963,SCEN_625,SCEN_870,SCEN_917,SCEN_378,SCEN_2,SCEN_18,SCEN_29,SCEN_606,SCEN_882,SCEN_107,SCEN_199,SCEN_204,SCEN_259,SCEN_535,SCEN_660,SCEN_82,SCEN_201,SCEN_202,SCEN_755,SCEN_791,SCEN_822,SCEN_904,SCEN_918,SCEN_663,SCEN_848,SCEN_911,SCEN_6,SCEN_303,SCEN_420,SCEN_682,SCEN_916,SCEN_255,SCEN_426,SCEN_451,SCEN_465,SCEN_597,SCEN_778,SCEN_976,SCEN_56,SCEN_93,SCEN_200,SCEN_309,SCEN_333,SCEN_626,SCEN_86,SCEN_372,SCEN_458,SCEN_495,SCEN_676,SCEN_17,SCEN_218,SCEN_295,SCEN_953,SCEN_982,SCEN_25,SCEN_158,SCEN_189,SCEN_249,SCEN_406,SCEN_357,SCEN_511,SCEN_523,SCEN_165,SCEN_469,SCEN_515,SCEN_623,SCEN_686,SCEN_7,SCEN_335,SCEN_541,SCEN_708,SCEN_842,SCEN_993,SCEN_148,SCEN_436,SCEN_896,SCEN_922,SCEN_293,SCEN_714,SCEN_857,SCEN_890,SCEN_181,SCEN_501,SCEN_449,SCEN_814,SCEN_290,SCEN_645,SCEN_78,SCEN_672,SCEN_688,SCEN_850,SCEN_875,SCEN_602,SCEN_669,SCEN_869,SCEN_820
PruGroup >> UKIO >> UKIO_SH >> UK_NPSF_Other >> STKH,SCEN_199,SCEN_426,SCEN_440,SCEN_56,SCEN_93,SCEN_378,SCEN_663,SCEN_488,SCEN_666,SCEN_682,SCEN_917,SCEN_941,SCEN_755,SCEN_963,SCEN_254,SCEN_39,SCEN_174,SCEN_230,SCEN_606,SCEN_714,SCEN_988,SCEN_996,SCEN_200,SCEN_204,SCEN_969,SCEN_530,SCEN_676,SCEN_977,SCEN_18,SCEN_495,SCEN_870,SCEN_302,SCEN_372,SCEN_458,SCEN_535,SCEN_626,SCEN_842,SCEN_918,SCEN_201,SCEN_25,SCEN_189,SCEN_568,SCEN_848,SCEN_255,SCEN_314,SCEN_602,SCEN_995,SCEN_245,SCEN_420,SCEN_469,SCEN_523,SCEN_896,SCEN_953,SCEN_973,SCEN_541,SCEN_890,SCEN_515,SCEN_597,SCEN_911,SCEN_511,SCEN_625,SCEN_351,SCEN_782,SCEN_158,SCEN_976,SCEN_6,SCEN_17,SCEN_295,SCEN_357,SCEN_78,SCEN_293,SCEN_708,SCEN_686,SCEN_993,SCEN_850,SCEN_148,SCEN_436,SCEN_449,SCEN_181,SCEN_335,SCEN_922,SCEN_982,SCEN_249,SCEN_406,SCEN_820,SCEN_916,SCEN_218,SCEN_688,SCEN_7,SCEN_165,SCEN_623,SCEN_290,SCEN_501,SCEN_672,SCEN_669,SCEN_857,SCEN_875,SCEN_869,SCEN_814,SCEN_645
PruGroup >> UKIO >> UKIO_SH >> UK_NPSF_Other,SCEN_733,SCEN_464,SCEN_614,SCEN_100,SCEN_744,SCEN_754,SCEN_129,SCEN_493,SCEN_49,SCEN_386,SCEN_797,SCEN_717,SCEN_913,SCEN_396,SCEN_561,SCEN_490,SCEN_868,SCEN_505,SCEN_480,SCEN_547,SCEN_532,SCEN_948,SCEN_36,SCEN_621,SCEN_613,SCEN_738,SCEN_971,SCEN_47,SCEN_657,SCEN_784,SCEN_735,SCEN_116,SCEN_277,SCEN_237,SCEN_207,SCEN_839,SCEN_710,SCEN_62,SCEN_151,SCEN_780,SCEN_311,SCEN_654,SCEN_731,SCEN_142,SCEN_670,SCEN_577,SCEN_88,SCEN_774,SCEN_236,SCEN_707,SCEN_725,SCEN_825,SCEN_69,SCEN_216,SCEN_585,SCEN_617,SCEN_955,SCEN_920,SCEN_444,SCEN_176,SCEN_467,SCEN_184,SCEN_188,SCEN_358,SCEN_312,SCEN_209,SCEN_506,SCEN_972,SCEN_163,SCEN_991,SCEN_510,SCEN_83,SCEN_884,SCEN_742,SCEN_583,SCEN_526,SCEN_94,SCEN_700,SCEN_323,SCEN_683,SCEN_566,SCEN_833,SCEN_494,SCEN_238,SCEN_612,SCEN_768,SCEN_726,SCEN_594,SCEN_392,SCEN_356,SCEN_166,SCEN_150,SCEN_994,SCEN_772,SCEN_418,SCEN_540,SCEN_393,SCEN_736,SCEN_608,SCEN_905
PruGroup >> UKIO >> UKIO_SH >> UK_PRIL >> ANN_LIABS_22100,SCEN_315,SCEN_600,SCEN_702,SCEN_187,SCEN_369,SCEN_501,SCEN_477,SCEN_724,SCEN_880,SCEN_463,SCEN_564,SCEN_809,SCEN_946,SCEN_83,SCEN_556,SCEN_651,SCEN_786,SCEN_790,SCEN_893,SCEN_43,SCEN_51,SCEN_425,SCEN_481,SCEN_131,SCEN_520,SCEN_586,SCEN_213,SCEN_222,SCEN_945,SCEN_220,SCEN_334,SCEN_530,SCEN_810,SCEN_394,SCEN_834,SCEN_952,SCEN_999,SCEN_995,SCEN_351,SCEN_594,SCEN_614,SCEN_972,SCEN_196,SCEN_274,SCEN_429,SCEN_142,SCEN_395,SCEN_447,SCEN_160,SCEN_792,SCEN_36,SCEN_861,SCEN_40,SCEN_761,SCEN_228,SCEN_3,SCEN_871,SCEN_399,SCEN_954,SCEN_994,SCEN_957,SCEN_381,SCEN_245,SCEN_987,SCEN_867,SCEN_130,SCEN_771,SCEN_9,SCEN_811,SCEN_150,SCEN_217,SCEN_804,SCEN_248,SCEN_345,SCEN_331,SCEN_742,SCEN_706,SCEN_383,SCEN_371,SCEN_243,SCEN_337,SCEN_118,SCEN_511,SCEN_710,SCEN_120,SCEN_509,SCEN_316,SCEN_215,SCEN_884,SCEN_358,SCEN_633,SCEN_11,SCEN_188,SCEN_664,SCEN_489,SCEN_858,SCEN_115,SCEN_793,SCEN_583,SCEN_219
PruGroup >> UKIO >> UKIO_SH >> UK_PRIL >> ANN_LIABS_22300,SCEN_971,SCEN_583,SCEN_631,SCEN_662,SCEN_817,SCEN_871,SCEN_969,SCEN_17,SCEN_174,SCEN_248,SCEN_334,SCEN_870,SCEN_94,SCEN_144,SCEN_150,SCEN_159,SCEN_664,SCEN_666,SCEN_696,SCEN_704,SCEN_889,SCEN_924,SCEN_38,SCEN_218,SCEN_230,SCEN_355,SCEN_383,SCEN_420,SCEN_512,SCEN_867,SCEN_907,SCEN_911,SCEN_942,SCEN_566,SCEN_568,SCEN_673,SCEN_130,SCEN_167,SCEN_505,SCEN_742,SCEN_848,SCEN_920,SCEN_982,SCEN_922,SCEN_39,SCEN_222,SCEN_302,SCEN_358,SCEN_352,SCEN_436,SCEN_447,SCEN_483,SCEN_54,SCEN_651,SCEN_777,SCEN_999,SCEN_188,SCEN_286,SCEN_335,SCEN_406,SCEN_693,SCEN_160,SCEN_316,SCEN_511,SCEN_724,SCEN_293,SCEN_686,SCEN_43,SCEN_314,SCEN_575,SCEN_590,SCEN_804,SCEN_910,SCEN_991,SCEN_996,SCEN_6,SCEN_428,SCEN_245,SCEN_592,SCEN_793,SCEN_977,SCEN_425,SCEN_623,SCEN_7,SCEN_14,SCEN_115,SCEN_973,SCEN_249,SCEN_501,SCEN_502,SCEN_839,SCEN_857,SCEN_995,SCEN_916,SCEN_351,SCEN_165,SCEN_814,SCEN_645,SCEN_782,SCEN_219
PruGroup >> UKIO >> UKIO_SH >> UK_PRIL >> PRIL_Assets,SCEN_31,SCEN_541,SCEN_766,SCEN_354,SCEN_674,SCEN_323,SCEN_422,SCEN_234,SCEN_619,SCEN_964,SCEN_639,SCEN_939,SCEN_59,SCEN_866,SCEN_990,SCEN_155,SCEN_420,SCEN_538,SCEN_683,SCEN_301,SCEN_963,SCEN_762,SCEN_966,SCEN_153,SCEN_705,SCEN_845,SCEN_983,SCEN_84,SCEN_902,SCEN_126,SCEN_313,SCEN_805,SCEN_104,SCEN_515,SCEN_258,SCEN_752,SCEN_109,SCEN_448,SCEN_434,SCEN_770,SCEN_69,SCEN_669,SCEN_189,SCEN_193,SCEN_605,SCEN_803,SCEN_134,SCEN_607,SCEN_30,SCEN_458,SCEN_56,SCEN_127,SCEN_382,SCEN_589,SCEN_864,SCEN_449,SCEN_775,SCEN_387,SCEN_806,SCEN_838,SCEN_132,SCEN_329,SCEN_465,SCEN_656,SCEN_563,SCEN_285,SCEN_663,SCEN_321,SCEN_492,SCEN_138,SCEN_881,SCEN_250,SCEN_290,SCEN_599,SCEN_993,SCEN_551,SCEN_93,SCEN_251,SCEN_199,SCEN_348,SCEN_410,SCEN_759,SCEN_333,SCEN_978,SCEN_906,SCEN_923,SCEN_882,SCEN_895,SCEN_540,SCEN_82,SCEN_816,SCEN_905,SCEN_869,SCEN_469,SCEN_181,SCEN_714,SCEN_342,SCEN_976,SCEN_360,SCEN_440
PruGroup >> UKIO >> UKIO_SH >> UK_PRIL >> PRIL_OpCPD_Risk,SCEN_916,SCEN_89,SCEN_687,SCEN_218,SCEN_310,SCEN_901,SCEN_585,SCEN_455,SCEN_960,SCEN_75,SCEN_408,SCEN_147,SCEN_776,SCEN_991,SCEN_540,SCEN_594,SCEN_856,SCEN_751,SCEN_50,SCEN_619,SCEN_347,SCEN_395,SCEN_726,SCEN_561,SCEN_930,SCEN_678,SCEN_622,SCEN_804,SCEN_221,SCEN_148,SCEN_879,SCEN_679,SCEN_419,SCEN_908,SCEN_460,SCEN_466,SCEN_833,SCEN_972,SCEN_68,SCEN_494,SCEN_318,SCEN_665,SCEN_710,SCEN_315,SCEN_825,SCEN_304,SCEN_350,SCEN_59,SCEN_884,SCEN_517,SCEN_265,SCEN_386,SCEN_780,SCEN_614,SCEN_947,SCEN_948,SCEN_725,SCEN_841,SCEN_236,SCEN_736,SCEN_293,SCEN_520,SCEN_896,SCEN_70,SCEN_913,SCEN_224,SCEN_416,SCEN_464,SCEN_238,SCEN_122,SCEN_712,SCEN_392,SCEN_296,SCEN_447,SCEN_592,SCEN_606,SCEN_683,SCEN_233,SCEN_510,SCEN_415,SCEN_650,SCEN_975,SCEN_383,SCEN_87,SCEN_608,SCEN_784,SCEN_253,SCEN_742,SCEN_207,SCEN_860,SCEN_570,SCEN_670,SCEN_806,SCEN_514,SCEN_146,SCEN_180,SCEN_852,SCEN_966,SCEN_967,SCEN_944
PruGroup >> UKIO >> UKIO_SH >> UK_PRIL,SCEN_916,SCEN_89,SCEN_687,SCEN_218,SCEN_310,SCEN_901,SCEN_585,SCEN_455,SCEN_960,SCEN_75,SCEN_408,SCEN_147,SCEN_776,SCEN_991,SCEN_540,SCEN_594,SCEN_856,SCEN_751,SCEN_50,SCEN_619,SCEN_347,SCEN_395,SCEN_726,SCEN_561,SCEN_930,SCEN_678,SCEN_622,SCEN_804,SCEN_221,SCEN_148,SCEN_879,SCEN_679,SCEN_419,SCEN_908,SCEN_460,SCEN_466,SCEN_833,SCEN_972,SCEN_68,SCEN_494,SCEN_318,SCEN_665,SCEN_710,SCEN_315,SCEN_825,SCEN_304,SCEN_350,SCEN_59,SCEN_884,SCEN_517,SCEN_265,SCEN_386,SCEN_780,SCEN_614,SCEN_947,SCEN_948,SCEN_725,SCEN_841,SCEN_236,SCEN_736,SCEN_293,SCEN_520,SCEN_896,SCEN_70,SCEN_913,SCEN_224,SCEN_416,SCEN_464,SCEN_238,SCEN_122,SCEN_712,SCEN_392,SCEN_296,SCEN_447,SCEN_592,SCEN_606,SCEN_683,SCEN_233,SCEN_510,SCEN_415,SCEN_650,SCEN_975,SCEN_383,SCEN_87,SCEN_608,SCEN_784,SCEN_253,SCEN_742,SCEN_207,SCEN_860,SCEN_570,SCEN_670,SCEN_806,SCEN_514,SCEN_146,SCEN_180,SCEN_852,SCEN_966,SCEN_967,SCEN_944
PruGroup >> UKIO >> UKIO_SH,SCEN_916,SCEN_89,SCEN_687,SCEN_218,SCEN_310,SCEN_901,SCEN_585,SCEN_455,SCEN_960,SCEN_75,SCEN_408,SCEN_147,SCEN_776,SCEN_991,SCEN_540,SCEN_594,SCEN_856,SCEN_751,SCEN_50,SCEN_619,SCEN_347,SCEN_395,SCEN_726,SCEN_561,SCEN_930,SCEN_678,SCEN_622,SCEN_804,SCEN_221,SCEN_148,SCEN_879,SCEN_679,SCEN_419,SCEN_908,SCEN_460,SCEN_466,SCEN_833,SCEN_972,SCEN_68,SCEN_494,SCEN_318,SCEN_665,SCEN_710,SCEN_315,SCEN_825,SCEN_304,SCEN_350,SCEN_59,SCEN_884,SCEN_517,SCEN_265,SCEN_386,SCEN_780,SCEN_614,SCEN_947,SCEN_948,SCEN_725,SCEN_841,SCEN_236,SCEN_736,SCEN_293,SCEN_520,SCEN_896,SCEN_70,SCEN_913,SCEN_224,SCEN_416,SCEN_464,SCEN_238,SCEN_122,SCEN_712,SCEN_392,SCEN_296,SCEN_447,SCEN_592,SCEN_606,SCEN_683,SCEN_233,SCEN_510,SCEN_415,SCEN_650,SCEN_975,SCEN_383,SCEN_87,SCEN_608,SCEN_784,SCEN_253,SCEN_742,SCEN_207,SCEN_860,SCEN_570,SCEN_670,SCEN_806,SCEN_514,SCEN_146,SCEN_180,SCEN_852,SCEN_966,SCEN_967,SCEN_944
PruGroup >> UKIO,SCEN_916,SCEN_89,SCEN_687,SCEN_218,SCEN_310,SCEN_901,SCEN_585,SCEN_455,SCEN_960,SCEN_75,SCEN_408,SCEN_147,SCEN_776,SCEN_991,SCEN_540,SCEN_594,SCEN_856,SCEN_751,SCEN_50,SCEN_619,SCEN_347,SCEN_395,SCEN_726,SCEN_561,SCEN_930,SCEN_678,SCEN_622,SCEN_804,SCEN_221,SCEN_148,SCEN_879,SCEN_679,SCEN_419,SCEN_908,SCEN_460,SCEN_466,SCEN_833,SCEN_972,SCEN_68,SCEN_494,SCEN_318,SCEN_665,SCEN_710,SCEN_315,SCEN_825,SCEN_304,SCEN_350,SCEN_59,SCEN_884,SCEN_517,SCEN_265,SCEN_386,SCEN_780,SCEN_614,SCEN_947,SCEN_948,SCEN_725,SCEN_841,SCEN_236,SCEN_736,SCEN_293,SCEN_520,SCEN_896,SCEN_70,SCEN_913,SCEN_224,SCEN_416,SCEN_464,SCEN_238,SCEN_122,SCEN_712,SCEN_392,SCEN_296,SCEN_447,SCEN_592,SCEN_606,SCEN_683,SCEN_233,SCEN_510,SCEN_415,SCEN_650,SCEN_975,SCEN_383,SCEN_87,SCEN_608,SCEN_784,SCEN_253,SCEN_742,SCEN_207,SCEN_860,SCEN_570,SCEN_670,SCEN_806,SCEN_514,SCEN_146,SCEN_180,SCEN_852,SCEN_966,SCEN_967,SCEN_944
PruGroup,SCEN_916,SCEN_89,SCEN_687,SCEN_218,SCEN_310,SCEN_901,SCEN_585,SCEN_455,SCEN_960,SCEN_75,SCEN_408,SCEN_147,SCEN_776,SCEN_991,SCEN_540,SCEN_594,SCEN_856,SCEN_751,SCEN_50,SCEN_619,SCEN_347,SCEN_726,SCEN_395,SCEN_561,SCEN_930,SCEN_678,SCEN_622,SCEN_804,SCEN_221,SCEN_148,SCEN_879,SCEN_679,SCEN_419,SCEN_908,SCEN_460,SCEN_466,SCEN_833,SCEN_972,SCEN_68,SCEN_494,SCEN_318,SCEN_665,SCEN_710,SCEN_315,SCEN_825,SCEN_304,SCEN_350,SCEN_59,SCEN_884,SCEN_517,SCEN_265,SCEN_386,SCEN_780,SCEN_614,SCEN_947,SCEN_948,SCEN_725,SCEN_841,SCEN_236,SCEN_736,SCEN_293,SCEN_520,SCEN_896,SCEN_70,SCEN_913,SCEN_224,SCEN_416,SCEN_464,SCEN_238,SCEN_122,SCEN_712,SCEN_392,SCEN_296,SCEN_447,SCEN_592,SCEN_606,SCEN_683,SCEN_233,SCEN_510,SCEN_415,SCEN_650,SCEN_975,SCEN_383,SCEN_87,SCEN_608,SCEN_784,SCEN_253,SCEN_742,SCEN_207,SCEN_860,SCEN_570,SCEN_670,SCEN_806,SCEN_514,SCEN_146,SCEN_180,SCEN_852,SCEN_966,SCEN_967,SCEN_944
