#BAS,Volatility - Moneyness/TermSPEC,OBJECT,TYPE,NAME,IDENTIFIER,DatumDATE,RelativeCurveFLAG,CurveUnitDAYC,CurveUnitPERD,CurveUnitUNIT,TimeEvolutionFUNC,GnVolMnyTrmSf1SIN,GnVolMnyTrmSf0SIN,GnVolMTSfExt0FLAG,GnVolMTSfExt1FLAG,GnVolMnyTrmSfFLAG,StateProcFUNC,CurveFUNC
BAS,Volatility - Moneyness/TermSPEC,Volatility - Moneyness/TermSPEC,Volatility - Moneyness/Term,4GSPC-Vol-Factor,4GSPC-Vol-Factor,0,FALSE,,,,,@Linear,,FALSE,FALSE
rm_ro,Volatility - Moneyness/TermSPEC : Generic Volatility Moneyness Term Surface,Generic Volatility Moneyness Term Surface,Volatility - Moneyness/TermSPEC,1,91,1
rm_ro,Volatility - Moneyness/TermSPEC : Generic Volatility Moneyness Term Surface,Generic Volatility Moneyness Term Surface,Volatility - Moneyness/TermSPEC,1,182,0.9
rm_ro,Volatility - Moneyness/TermSPEC : Generic Volatility Moneyness Term Surface,Generic Volatility Moneyness Term Surface,Volatility - Moneyness/TermSPEC,1,365,0.8
rm_ro,Volatility - Moneyness/TermSPEC : Generic Volatility Moneyness Term Surface,Generic Volatility Moneyness Term Surface,Volatility - Moneyness/TermSPEC,1,730,0.65
rm_ro,Volatility - Moneyness/TermSPEC : Generic Volatility Moneyness Term Surface,Generic Volatility Moneyness Term Surface,Volatility - Moneyness/TermSPEC,1,1095,0.55
rm_ro,Volatility - Moneyness/TermSPEC : Generic Volatility Moneyness Term Surface,Generic Volatility Moneyness Term Surface,Volatility - Moneyness/TermSPEC,1,1825,0.4
rm_ro,Volatility - Moneyness/TermSPEC : Generic Volatility Moneyness Term Surface,Generic Volatility Moneyness Term Surface,Volatility - Moneyness/TermSPEC,1,2555,0.3
rm_ro,Volatility - Moneyness/TermSPEC : Generic Volatility Moneyness Term Surface,Generic Volatility Moneyness Term Surface,Volatility - Moneyness/TermSPEC,1,3650,0.25
rm_ro,Volatility - Moneyness/TermSPEC : Generic Volatility Moneyness Term Surface,Generic Volatility Moneyness Term Surface,Volatility - Moneyness/TermSPEC,1,5475,0.2
rm_ro,Volatility - Moneyness/TermSPEC : Generic Volatility Moneyness Term Surface,Generic Volatility Moneyness Term Surface,Volatility - Moneyness/TermSPEC,1,9125,0.15
rm_ro,Volatility - Moneyness/TermSPEC : Generic Volatility Moneyness Term Surface,Generic Volatility Moneyness Term Surface,Volatility - Moneyness/TermSPEC,1,10950,0.15
rm_ro,Volatility - Moneyness/TermSPEC : Generic Volatility Moneyness Term Surface,Generic Volatility Moneyness Term Surface,Volatility - Moneyness/TermSPEC,1,18250,0.1
BAS,Volatility - Moneyness/TermSPEC,Volatility - Moneyness/TermSPEC,Volatility - Moneyness/Term,AEX-Vol-Factor,AEX-Vol-Factor,0,FALSE,,,,,@Linear,,FALSE,FALSE
rm_ro,Volatility - Moneyness/TermSPEC : Generic Volatility Moneyness Term Surface,Generic Volatility Moneyness Term Surface,Volatility - Moneyness/TermSPEC,1,91,1
rm_ro,Volatility - Moneyness/TermSPEC : Generic Volatility Moneyness Term Surface,Generic Volatility Moneyness Term Surface,Volatility - Moneyness/TermSPEC,1,182,0.9
rm_ro,Volatility - Moneyness/TermSPEC : Generic Volatility Moneyness Term Surface,Generic Volatility Moneyness Term Surface,Volatility - Moneyness/TermSPEC,1,365,0.8
rm_ro,Volatility - Moneyness/TermSPEC : Generic Volatility Moneyness Term Surface,Generic Volatility Moneyness Term Surface,Volatility - Moneyness/TermSPEC,1,730,0.65
rm_ro,Volatility - Moneyness/TermSPEC : Generic Volatility Moneyness Term Surface,Generic Volatility Moneyness Term Surface,Volatility - Moneyness/TermSPEC,1,1095,0.55
rm_ro,Volatility - Moneyness/TermSPEC : Generic Volatility Moneyness Term Surface,Generic Volatility Moneyness Term Surface,Volatility - Moneyness/TermSPEC,1,1825,0.4
rm_ro,Volatility - Moneyness/TermSPEC : Generic Volatility Moneyness Term Surface,Generic Volatility Moneyness Term Surface,Volatility - Moneyness/TermSPEC,1,2555,0.3
rm_ro,Volatility - Moneyness/TermSPEC : Generic Volatility Moneyness Term Surface,Generic Volatility Moneyness Term Surface,Volatility - Moneyness/TermSPEC,1,3650,0.25
rm_ro,Volatility - Moneyness/TermSPEC : Generic Volatility Moneyness Term Surface,Generic Volatility Moneyness Term Surface,Volatility - Moneyness/TermSPEC,1,5475,0.2
rm_ro,Volatility - Moneyness/TermSPEC : Generic Volatility Moneyness Term Surface,Generic Volatility Moneyness Term Surface,Volatility - Moneyness/TermSPEC,1,9125,0.15
rm_ro,Volatility - Moneyness/TermSPEC : Generic Volatility Moneyness Term Surface,Generic Volatility Moneyness Term Surface,Volatility - Moneyness/TermSPEC,1,10950,0.15
rm_ro,Volatility - Moneyness/TermSPEC : Generic Volatility Moneyness Term Surface,Generic Volatility Moneyness Term Surface,Volatility - Moneyness/TermSPEC,1,18250,0.1
BAS,Volatility - Moneyness/TermSPEC,Volatility - Moneyness/TermSPEC,Volatility - Moneyness/Term,BETFI-Vol-Factor,BETFI-Vol-Factor,0,FALSE,,,,,@Linear,,FALSE,FALSE
rm_ro,Volatility - Moneyness/TermSPEC : Generic Volatility Moneyness Term Surface,Generic Volatility Moneyness Term Surface,Volatility - Moneyness/TermSPEC,1,91,1
rm_ro,Volatility - Moneyness/TermSPEC : Generic Volatility Moneyness Term Surface,Generic Volatility Moneyness Term Surface,Volatility - Moneyness/TermSPEC,1,182,0.9
rm_ro,Volatility - Moneyness/TermSPEC : Generic Volatility Moneyness Term Surface,Generic Volatility Moneyness Term Surface,Volatility - Moneyness/TermSPEC,1,365,0.8
rm_ro,Volatility - Moneyness/TermSPEC : Generic Volatility Moneyness Term Surface,Generic Volatility Moneyness Term Surface,Volatility - Moneyness/TermSPEC,1,730,0.65
rm_ro,Volatility - Moneyness/TermSPEC : Generic Volatility Moneyness Term Surface,Generic Volatility Moneyness Term Surface,Volatility - Moneyness/TermSPEC,1,1095,0.55
rm_ro,Volatility - Moneyness/TermSPEC : Generic Volatility Moneyness Term Surface,Generic Volatility Moneyness Term Surface,Volatility - Moneyness/TermSPEC,1,1825,0.4
rm_ro,Volatility - Moneyness/TermSPEC : Generic Volatility Moneyness Term Surface,Generic Volatility Moneyness Term Surface,Volatility - Moneyness/TermSPEC,1,2555,0.3
rm_ro,Volatility - Moneyness/TermSPEC : Generic Volatility Moneyness Term Surface,Generic Volatility Moneyness Term Surface,Volatility - Moneyness/TermSPEC,1,3650,0.25
rm_ro,Volatility - Moneyness/TermSPEC : Generic Volatility Moneyness Term Surface,Generic Volatility Moneyness Term Surface,Volatility - Moneyness/TermSPEC,1,5475,0.2
rm_ro,Volatility - Moneyness/TermSPEC : Generic Volatility Moneyness Term Surface,Generic Volatility Moneyness Term Surface,Volatility - Moneyness/TermSPEC,1,9125,0.15
rm_ro,Volatility - Moneyness/TermSPEC : Generic Volatility Moneyness Term Surface,Generic Volatility Moneyness Term Surface,Volatility - Moneyness/TermSPEC,1,10950,0.15
rm_ro,Volatility - Moneyness/TermSPEC : Generic Volatility Moneyness Term Surface,Generic Volatility Moneyness Term Surface,Volatility - Moneyness/TermSPEC,1,18250,0.1
BAS,Volatility - Moneyness/TermSPEC,Volatility - Moneyness/TermSPEC,Volatility - Moneyness/Term,BETI-Vol-Factor,BETI-Vol-Factor,0,FALSE,,,,,@Linear,,FALSE,FALSE
rm_ro,Volatility - Moneyness/TermSPEC : Generic Volatility Moneyness Term Surface,Generic Volatility Moneyness Term Surface,Volatility - Moneyness/TermSPEC,1,91,1
rm_ro,Volatility - Moneyness/TermSPEC : Generic Volatility Moneyness Term Surface,Generic Volatility Moneyness Term Surface,Volatility - Moneyness/TermSPEC,1,182,0.9
rm_ro,Volatility - Moneyness/TermSPEC : Generic Volatility Moneyness Term Surface,Generic Volatility Moneyness Term Surface,Volatility - Moneyness/TermSPEC,1,365,0.8
rm_ro,Volatility - Moneyness/TermSPEC : Generic Volatility Moneyness Term Surface,Generic Volatility Moneyness Term Surface,Volatility - Moneyness/TermSPEC,1,730,0.65
rm_ro,Volatility - Moneyness/TermSPEC : Generic Volatility Moneyness Term Surface,Generic Volatility Moneyness Term Surface,Volatility - Moneyness/TermSPEC,1,1095,0.55
rm_ro,Volatility - Moneyness/TermSPEC : Generic Volatility Moneyness Term Surface,Generic Volatility Moneyness Term Surface,Volatility - Moneyness/TermSPEC,1,1825,0.4
rm_ro,Volatility - Moneyness/TermSPEC : Generic Volatility Moneyness Term Surface,Generic Volatility Moneyness Term Surface,Volatility - Moneyness/TermSPEC,1,2555,0.3
rm_ro,Volatility - Moneyness/TermSPEC : Generic Volatility Moneyness Term Surface,Generic Volatility Moneyness Term Surface,Volatility - Moneyness/TermSPEC,1,3650,0.25
rm_ro,Volatility - Moneyness/TermSPEC : Generic Volatility Moneyness Term Surface,Generic Volatility Moneyness Term Surface,Volatility - Moneyness/TermSPEC,1,5475,0.2
rm_ro,Volatility - Moneyness/TermSPEC : Generic Volatility Moneyness Term Surface,Generic Volatility Moneyness Term Surface,Volatility - Moneyness/TermSPEC,1,9125,0.15
rm_ro,Volatility - Moneyness/TermSPEC : Generic Volatility Moneyness Term Surface,Generic Volatility Moneyness Term Surface,Volatility - Moneyness/TermSPEC,1,10950,0.15
rm_ro,Volatility - Moneyness/TermSPEC : Generic Volatility Moneyness Term Surface,Generic Volatility Moneyness Term Surface,Volatility - Moneyness/TermSPEC,1,18250,0.1
BAS,Volatility - Moneyness/TermSPEC,Volatility - Moneyness/TermSPEC,Volatility - Moneyness/Term,BUX-Vol-Factor,BUX-Vol-Factor,0,FALSE,,,,,@Linear,,FALSE,FALSE
rm_ro,Volatility - Moneyness/TermSPEC : Generic Volatility Moneyness Term Surface,Generic Volatility Moneyness Term Surface,Volatility - Moneyness/TermSPEC,1,91,1
rm_ro,Volatility - Moneyness/TermSPEC : Generic Volatility Moneyness Term Surface,Generic Volatility Moneyness Term Surface,Volatility - Moneyness/TermSPEC,1,182,0.9
rm_ro,Volatility - Moneyness/TermSPEC : Generic Volatility Moneyness Term Surface,Generic Volatility Moneyness Term Surface,Volatility - Moneyness/TermSPEC,1,365,0.8
rm_ro,Volatility - Moneyness/TermSPEC : Generic Volatility Moneyness Term Surface,Generic Volatility Moneyness Term Surface,Volatility - Moneyness/TermSPEC,1,730,0.65
rm_ro,Volatility - Moneyness/TermSPEC : Generic Volatility Moneyness Term Surface,Generic Volatility Moneyness Term Surface,Volatility - Moneyness/TermSPEC,1,1095,0.55
rm_ro,Volatility - Moneyness/TermSPEC : Generic Volatility Moneyness Term Surface,Generic Volatility Moneyness Term Surface,Volatility - Moneyness/TermSPEC,1,1825,0.4
rm_ro,Volatility - Moneyness/TermSPEC : Generic Volatility Moneyness Term Surface,Generic Volatility Moneyness Term Surface,Volatility - Moneyness/TermSPEC,1,2555,0.3
rm_ro,Volatility - Moneyness/TermSPEC : Generic Volatility Moneyness Term Surface,Generic Volatility Moneyness Term Surface,Volatility - Moneyness/TermSPEC,1,3650,0.25
rm_ro,Volatility - Moneyness/TermSPEC : Generic Volatility Moneyness Term Surface,Generic Volatility Moneyness Term Surface,Volatility - Moneyness/TermSPEC,1,5475,0.2
rm_ro,Volatility - Moneyness/TermSPEC : Generic Volatility Moneyness Term Surface,Generic Volatility Moneyness Term Surface,Volatility - Moneyness/TermSPEC,1,9125,0.15
rm_ro,Volatility - Moneyness/TermSPEC : Generic Volatility Moneyness Term Surface,Generic Volatility Moneyness Term Surface,Volatility - Moneyness/TermSPEC,1,10950,0.15
rm_ro,Volatility - Moneyness/TermSPEC : Generic Volatility Moneyness Term Surface,Generic Volatility Moneyness Term Surface,Volatility - Moneyness/TermSPEC,1,18250,0.1
BAS,Volatility - Moneyness/TermSPEC,Volatility - Moneyness/TermSPEC,Volatility - Moneyness/Term,CEMU_USD-Vol-Factor,CEMU_USD-Vol-Factor,0,FALSE,,,,,@Linear,,FALSE,FALSE
rm_ro,Volatility - Moneyness/TermSPEC : Generic Volatility Moneyness Term Surface,Generic Volatility Moneyness Term Surface,Volatility - Moneyness/TermSPEC,1,91,1
rm_ro,Volatility - Moneyness/TermSPEC : Generic Volatility Moneyness Term Surface,Generic Volatility Moneyness Term Surface,Volatility - Moneyness/TermSPEC,1,182,0.9
rm_ro,Volatility - Moneyness/TermSPEC : Generic Volatility Moneyness Term Surface,Generic Volatility Moneyness Term Surface,Volatility - Moneyness/TermSPEC,1,365,0.8
rm_ro,Volatility - Moneyness/TermSPEC : Generic Volatility Moneyness Term Surface,Generic Volatility Moneyness Term Surface,Volatility - Moneyness/TermSPEC,1,730,0.65
rm_ro,Volatility - Moneyness/TermSPEC : Generic Volatility Moneyness Term Surface,Generic Volatility Moneyness Term Surface,Volatility - Moneyness/TermSPEC,1,1095,0.55
rm_ro,Volatility - Moneyness/TermSPEC : Generic Volatility Moneyness Term Surface,Generic Volatility Moneyness Term Surface,Volatility - Moneyness/TermSPEC,1,1825,0.4
rm_ro,Volatility - Moneyness/TermSPEC : Generic Volatility Moneyness Term Surface,Generic Volatility Moneyness Term Surface,Volatility - Moneyness/TermSPEC,1,2555,0.3
rm_ro,Volatility - Moneyness/TermSPEC : Generic Volatility Moneyness Term Surface,Generic Volatility Moneyness Term Surface,Volatility - Moneyness/TermSPEC,1,3650,0.25
rm_ro,Volatility - Moneyness/TermSPEC : Generic Volatility Moneyness Term Surface,Generic Volatility Moneyness Term Surface,Volatility - Moneyness/TermSPEC,1,5475,0.2
rm_ro,Volatility - Moneyness/TermSPEC : Generic Volatility Moneyness Term Surface,Generic Volatility Moneyness Term Surface,Volatility - Moneyness/TermSPEC,1,9125,0.15
rm_ro,Volatility - Moneyness/TermSPEC : Generic Volatility Moneyness Term Surface,Generic Volatility Moneyness Term Surface,Volatility - Moneyness/TermSPEC,1,10950,0.15
rm_ro,Volatility - Moneyness/TermSPEC : Generic Volatility Moneyness Term Surface,Generic Volatility Moneyness Term Surface,Volatility - Moneyness/TermSPEC,1,18250,0.1
BAS,Volatility - Moneyness/TermSPEC,Volatility - Moneyness/TermSPEC,Volatility - Moneyness/Term,CIEU-Vol-Factor,CIEU-Vol-Factor,0,FALSE,,,,,@Linear,,FALSE,FALSE
rm_ro,Volatility - Moneyness/TermSPEC : Generic Volatility Moneyness Term Surface,Generic Volatility Moneyness Term Surface,Volatility - Moneyness/TermSPEC,1,91,1
rm_ro,Volatility - Moneyness/TermSPEC : Generic Volatility Moneyness Term Surface,Generic Volatility Moneyness Term Surface,Volatility - Moneyness/TermSPEC,1,182,0.9
rm_ro,Volatility - Moneyness/TermSPEC : Generic Volatility Moneyness Term Surface,Generic Volatility Moneyness Term Surface,Volatility - Moneyness/TermSPEC,1,365,0.8
rm_ro,Volatility - Moneyness/TermSPEC : Generic Volatility Moneyness Term Surface,Generic Volatility Moneyness Term Surface,Volatility - Moneyness/TermSPEC,1,730,0.65
rm_ro,Volatility - Moneyness/TermSPEC : Generic Volatility Moneyness Term Surface,Generic Volatility Moneyness Term Surface,Volatility - Moneyness/TermSPEC,1,1095,0.55
rm_ro,Volatility - Moneyness/TermSPEC : Generic Volatility Moneyness Term Surface,Generic Volatility Moneyness Term Surface,Volatility - Moneyness/TermSPEC,1,1825,0.4
rm_ro,Volatility - Moneyness/TermSPEC : Generic Volatility Moneyness Term Surface,Generic Volatility Moneyness Term Surface,Volatility - Moneyness/TermSPEC,1,2555,0.3
rm_ro,Volatility - Moneyness/TermSPEC : Generic Volatility Moneyness Term Surface,Generic Volatility Moneyness Term Surface,Volatility - Moneyness/TermSPEC,1,3650,0.25
rm_ro,Volatility - Moneyness/TermSPEC : Generic Volatility Moneyness Term Surface,Generic Volatility Moneyness Term Surface,Volatility - Moneyness/TermSPEC,1,5475,0.2
rm_ro,Volatility - Moneyness/TermSPEC : Generic Volatility Moneyness Term Surface,Generic Volatility Moneyness Term Surface,Volatility - Moneyness/TermSPEC,1,9125,0.15
rm_ro,Volatility - Moneyness/TermSPEC : Generic Volatility Moneyness Term Surface,Generic Volatility Moneyness Term Surface,Volatility - Moneyness/TermSPEC,1,10950,0.15
rm_ro,Volatility - Moneyness/TermSPEC : Generic Volatility Moneyness Term Surface,Generic Volatility Moneyness Term Surface,Volatility - Moneyness/TermSPEC,1,18250,0.1
BAS,Volatility - Moneyness/TermSPEC,Volatility - Moneyness/TermSPEC,Volatility - Moneyness/Term,CIJP_USD-Vol-Factor,CIJP_USD-Vol-Factor,0,FALSE,,,,,@Linear,,FALSE,FALSE
rm_ro,Volatility - Moneyness/TermSPEC : Generic Volatility Moneyness Term Surface,Generic Volatility Moneyness Term Surface,Volatility - Moneyness/TermSPEC,1,91,1
rm_ro,Volatility - Moneyness/TermSPEC : Generic Volatility Moneyness Term Surface,Generic Volatility Moneyness Term Surface,Volatility - Moneyness/TermSPEC,1,182,0.9
rm_ro,Volatility - Moneyness/TermSPEC : Generic Volatility Moneyness Term Surface,Generic Volatility Moneyness Term Surface,Volatility - Moneyness/TermSPEC,1,365,0.8
rm_ro,Volatility - Moneyness/TermSPEC : Generic Volatility Moneyness Term Surface,Generic Volatility Moneyness Term Surface,Volatility - Moneyness/TermSPEC,1,730,0.65
rm_ro,Volatility - Moneyness/TermSPEC : Generic Volatility Moneyness Term Surface,Generic Volatility Moneyness Term Surface,Volatility - Moneyness/TermSPEC,1,1095,0.55
rm_ro,Volatility - Moneyness/TermSPEC : Generic Volatility Moneyness Term Surface,Generic Volatility Moneyness Term Surface,Volatility - Moneyness/TermSPEC,1,1825,0.4
rm_ro,Volatility - Moneyness/TermSPEC : Generic Volatility Moneyness Term Surface,Generic Volatility Moneyness Term Surface,Volatility - Moneyness/TermSPEC,1,2555,0.3
rm_ro,Volatility - Moneyness/TermSPEC : Generic Volatility Moneyness Term Surface,Generic Volatility Moneyness Term Surface,Volatility - Moneyness/TermSPEC,1,3650,0.25
rm_ro,Volatility - Moneyness/TermSPEC : Generic Volatility Moneyness Term Surface,Generic Volatility Moneyness Term Surface,Volatility - Moneyness/TermSPEC,1,5475,0.2
rm_ro,Volatility - Moneyness/TermSPEC : Generic Volatility Moneyness Term Surface,Generic Volatility Moneyness Term Surface,Volatility - Moneyness/TermSPEC,1,9125,0.15
rm_ro,Volatility - Moneyness/TermSPEC : Generic Volatility Moneyness Term Surface,Generic Volatility Moneyness Term Surface,Volatility - Moneyness/TermSPEC,1,10950,0.15
rm_ro,Volatility - Moneyness/TermSPEC : Generic Volatility Moneyness Term Surface,Generic Volatility Moneyness Term Surface,Volatility - Moneyness/TermSPEC,1,18250,0.1
BAS,Volatility - Moneyness/TermSPEC,Volatility - Moneyness/TermSPEC,Volatility - Moneyness/Term,CIKK_USD-Vol-Factor,CIKK_USD-Vol-Factor,0,FALSE,,,,,@Linear,,FALSE,FALSE
rm_ro,Volatility - Moneyness/TermSPEC : Generic Volatility Moneyness Term Surface,Generic Volatility Moneyness Term Surface,Volatility - Moneyness/TermSPEC,1,91,1
rm_ro,Volatility - Moneyness/TermSPEC : Generic Volatility Moneyness Term Surface,Generic Volatility Moneyness Term Surface,Volatility - Moneyness/TermSPEC,1,182,0.9
rm_ro,Volatility - Moneyness/TermSPEC : Generic Volatility Moneyness Term Surface,Generic Volatility Moneyness Term Surface,Volatility - Moneyness/TermSPEC,1,365,0.8
rm_ro,Volatility - Moneyness/TermSPEC : Generic Volatility Moneyness Term Surface,Generic Volatility Moneyness Term Surface,Volatility - Moneyness/TermSPEC,1,730,0.65
rm_ro,Volatility - Moneyness/TermSPEC : Generic Volatility Moneyness Term Surface,Generic Volatility Moneyness Term Surface,Volatility - Moneyness/TermSPEC,1,1095,0.55
rm_ro,Volatility - Moneyness/TermSPEC : Generic Volatility Moneyness Term Surface,Generic Volatility Moneyness Term Surface,Volatility - Moneyness/TermSPEC,1,1825,0.4
rm_ro,Volatility - Moneyness/TermSPEC : Generic Volatility Moneyness Term Surface,Generic Volatility Moneyness Term Surface,Volatility - Moneyness/TermSPEC,1,2555,0.3
rm_ro,Volatility - Moneyness/TermSPEC : Generic Volatility Moneyness Term Surface,Generic Volatility Moneyness Term Surface,Volatility - Moneyness/TermSPEC,1,3650,0.25
rm_ro,Volatility - Moneyness/TermSPEC : Generic Volatility Moneyness Term Surface,Generic Volatility Moneyness Term Surface,Volatility - Moneyness/TermSPEC,1,5475,0.2
rm_ro,Volatility - Moneyness/TermSPEC : Generic Volatility Moneyness Term Surface,Generic Volatility Moneyness Term Surface,Volatility - Moneyness/TermSPEC,1,9125,0.15
rm_ro,Volatility - Moneyness/TermSPEC : Generic Volatility Moneyness Term Surface,Generic Volatility Moneyness Term Surface,Volatility - Moneyness/TermSPEC,1,10950,0.15
rm_ro,Volatility - Moneyness/TermSPEC : Generic Volatility Moneyness Term Surface,Generic Volatility Moneyness Term Surface,Volatility - Moneyness/TermSPEC,1,18250,0.1
BAS,Volatility - Moneyness/TermSPEC,Volatility - Moneyness/TermSPEC,Volatility - Moneyness/Term,FTSE-Vol-Factor,FTSE-Vol-Factor,0,FALSE,,,,,@Linear,,FALSE,FALSE
rm_ro,Volatility - Moneyness/TermSPEC : Generic Volatility Moneyness Term Surface,Generic Volatility Moneyness Term Surface,Volatility - Moneyness/TermSPEC,1,91,1
rm_ro,Volatility - Moneyness/TermSPEC : Generic Volatility Moneyness Term Surface,Generic Volatility Moneyness Term Surface,Volatility - Moneyness/TermSPEC,1,182,0.9
rm_ro,Volatility - Moneyness/TermSPEC : Generic Volatility Moneyness Term Surface,Generic Volatility Moneyness Term Surface,Volatility - Moneyness/TermSPEC,1,365,0.8
rm_ro,Volatility - Moneyness/TermSPEC : Generic Volatility Moneyness Term Surface,Generic Volatility Moneyness Term Surface,Volatility - Moneyness/TermSPEC,1,730,0.65
rm_ro,Volatility - Moneyness/TermSPEC : Generic Volatility Moneyness Term Surface,Generic Volatility Moneyness Term Surface,Volatility - Moneyness/TermSPEC,1,1095,0.55
rm_ro,Volatility - Moneyness/TermSPEC : Generic Volatility Moneyness Term Surface,Generic Volatility Moneyness Term Surface,Volatility - Moneyness/TermSPEC,1,1825,0.4
rm_ro,Volatility - Moneyness/TermSPEC : Generic Volatility Moneyness Term Surface,Generic Volatility Moneyness Term Surface,Volatility - Moneyness/TermSPEC,1,2555,0.3
rm_ro,Volatility - Moneyness/TermSPEC : Generic Volatility Moneyness Term Surface,Generic Volatility Moneyness Term Surface,Volatility - Moneyness/TermSPEC,1,3650,0.25
rm_ro,Volatility - Moneyness/TermSPEC : Generic Volatility Moneyness Term Surface,Generic Volatility Moneyness Term Surface,Volatility - Moneyness/TermSPEC,1,5475,0.2
rm_ro,Volatility - Moneyness/TermSPEC : Generic Volatility Moneyness Term Surface,Generic Volatility Moneyness Term Surface,Volatility - Moneyness/TermSPEC,1,9125,0.15
rm_ro,Volatility - Moneyness/TermSPEC : Generic Volatility Moneyness Term Surface,Generic Volatility Moneyness Term Surface,Volatility - Moneyness/TermSPEC,1,10950,0.15
rm_ro,Volatility - Moneyness/TermSPEC : Generic Volatility Moneyness Term Surface,Generic Volatility Moneyness Term Surface,Volatility - Moneyness/TermSPEC,1,18250,0.1
BAS,Volatility - Moneyness/TermSPEC,Volatility - Moneyness/TermSPEC,Volatility - Moneyness/Term,HSI-Vol-Factor,HSI-Vol-Factor,0,FALSE,,,,,@Linear,,FALSE,FALSE
rm_ro,Volatility - Moneyness/TermSPEC : Generic Volatility Moneyness Term Surface,Generic Volatility Moneyness Term Surface,Volatility - Moneyness/TermSPEC,1,91,1
rm_ro,Volatility - Moneyness/TermSPEC : Generic Volatility Moneyness Term Surface,Generic Volatility Moneyness Term Surface,Volatility - Moneyness/TermSPEC,1,182,0.9
rm_ro,Volatility - Moneyness/TermSPEC : Generic Volatility Moneyness Term Surface,Generic Volatility Moneyness Term Surface,Volatility - Moneyness/TermSPEC,1,365,0.8
rm_ro,Volatility - Moneyness/TermSPEC : Generic Volatility Moneyness Term Surface,Generic Volatility Moneyness Term Surface,Volatility - Moneyness/TermSPEC,1,730,0.65
rm_ro,Volatility - Moneyness/TermSPEC : Generic Volatility Moneyness Term Surface,Generic Volatility Moneyness Term Surface,Volatility - Moneyness/TermSPEC,1,1095,0.55
rm_ro,Volatility - Moneyness/TermSPEC : Generic Volatility Moneyness Term Surface,Generic Volatility Moneyness Term Surface,Volatility - Moneyness/TermSPEC,1,1825,0.4
rm_ro,Volatility - Moneyness/TermSPEC : Generic Volatility Moneyness Term Surface,Generic Volatility Moneyness Term Surface,Volatility - Moneyness/TermSPEC,1,2555,0.3
rm_ro,Volatility - Moneyness/TermSPEC : Generic Volatility Moneyness Term Surface,Generic Volatility Moneyness Term Surface,Volatility - Moneyness/TermSPEC,1,3650,0.25
rm_ro,Volatility - Moneyness/TermSPEC : Generic Volatility Moneyness Term Surface,Generic Volatility Moneyness Term Surface,Volatility - Moneyness/TermSPEC,1,5475,0.2
rm_ro,Volatility - Moneyness/TermSPEC : Generic Volatility Moneyness Term Surface,Generic Volatility Moneyness Term Surface,Volatility - Moneyness/TermSPEC,1,9125,0.15
rm_ro,Volatility - Moneyness/TermSPEC : Generic Volatility Moneyness Term Surface,Generic Volatility Moneyness Term Surface,Volatility - Moneyness/TermSPEC,1,10950,0.15
rm_ro,Volatility - Moneyness/TermSPEC : Generic Volatility Moneyness Term Surface,Generic Volatility Moneyness Term Surface,Volatility - Moneyness/TermSPEC,1,18250,0.1
BAS,Volatility - Moneyness/TermSPEC,Volatility - Moneyness/TermSPEC,Volatility - Moneyness/Term,IBEX-Vol-Factor,IBEX-Vol-Factor,0,FALSE,,,,,@Linear,,FALSE,FALSE
rm_ro,Volatility - Moneyness/TermSPEC : Generic Volatility Moneyness Term Surface,Generic Volatility Moneyness Term Surface,Volatility - Moneyness/TermSPEC,1,91,1
rm_ro,Volatility - Moneyness/TermSPEC : Generic Volatility Moneyness Term Surface,Generic Volatility Moneyness Term Surface,Volatility - Moneyness/TermSPEC,1,182,0.9
rm_ro,Volatility - Moneyness/TermSPEC : Generic Volatility Moneyness Term Surface,Generic Volatility Moneyness Term Surface,Volatility - Moneyness/TermSPEC,1,365,0.8
rm_ro,Volatility - Moneyness/TermSPEC : Generic Volatility Moneyness Term Surface,Generic Volatility Moneyness Term Surface,Volatility - Moneyness/TermSPEC,1,730,0.65
rm_ro,Volatility - Moneyness/TermSPEC : Generic Volatility Moneyness Term Surface,Generic Volatility Moneyness Term Surface,Volatility - Moneyness/TermSPEC,1,1095,0.55
rm_ro,Volatility - Moneyness/TermSPEC : Generic Volatility Moneyness Term Surface,Generic Volatility Moneyness Term Surface,Volatility - Moneyness/TermSPEC,1,1825,0.4
rm_ro,Volatility - Moneyness/TermSPEC : Generic Volatility Moneyness Term Surface,Generic Volatility Moneyness Term Surface,Volatility - Moneyness/TermSPEC,1,2555,0.3
rm_ro,Volatility - Moneyness/TermSPEC : Generic Volatility Moneyness Term Surface,Generic Volatility Moneyness Term Surface,Volatility - Moneyness/TermSPEC,1,3650,0.25
rm_ro,Volatility - Moneyness/TermSPEC : Generic Volatility Moneyness Term Surface,Generic Volatility Moneyness Term Surface,Volatility - Moneyness/TermSPEC,1,5475,0.2
rm_ro,Volatility - Moneyness/TermSPEC : Generic Volatility Moneyness Term Surface,Generic Volatility Moneyness Term Surface,Volatility - Moneyness/TermSPEC,1,9125,0.15
rm_ro,Volatility - Moneyness/TermSPEC : Generic Volatility Moneyness Term Surface,Generic Volatility Moneyness Term Surface,Volatility - Moneyness/TermSPEC,1,10950,0.15
rm_ro,Volatility - Moneyness/TermSPEC : Generic Volatility Moneyness Term Surface,Generic Volatility Moneyness Term Surface,Volatility - Moneyness/TermSPEC,1,18250,0.1
BAS,Volatility - Moneyness/TermSPEC,Volatility - Moneyness/TermSPEC,Volatility - Moneyness/Term,IXIC-Vol-Factor,IXIC-Vol-Factor,0,FALSE,,,,,@Linear,,FALSE,FALSE
rm_ro,Volatility - Moneyness/TermSPEC : Generic Volatility Moneyness Term Surface,Generic Volatility Moneyness Term Surface,Volatility - Moneyness/TermSPEC,1,91,1
rm_ro,Volatility - Moneyness/TermSPEC : Generic Volatility Moneyness Term Surface,Generic Volatility Moneyness Term Surface,Volatility - Moneyness/TermSPEC,1,182,0.9
rm_ro,Volatility - Moneyness/TermSPEC : Generic Volatility Moneyness Term Surface,Generic Volatility Moneyness Term Surface,Volatility - Moneyness/TermSPEC,1,365,0.8
rm_ro,Volatility - Moneyness/TermSPEC : Generic Volatility Moneyness Term Surface,Generic Volatility Moneyness Term Surface,Volatility - Moneyness/TermSPEC,1,730,0.65
rm_ro,Volatility - Moneyness/TermSPEC : Generic Volatility Moneyness Term Surface,Generic Volatility Moneyness Term Surface,Volatility - Moneyness/TermSPEC,1,1095,0.55
rm_ro,Volatility - Moneyness/TermSPEC : Generic Volatility Moneyness Term Surface,Generic Volatility Moneyness Term Surface,Volatility - Moneyness/TermSPEC,1,1825,0.4
rm_ro,Volatility - Moneyness/TermSPEC : Generic Volatility Moneyness Term Surface,Generic Volatility Moneyness Term Surface,Volatility - Moneyness/TermSPEC,1,2555,0.3
rm_ro,Volatility - Moneyness/TermSPEC : Generic Volatility Moneyness Term Surface,Generic Volatility Moneyness Term Surface,Volatility - Moneyness/TermSPEC,1,3650,0.25
rm_ro,Volatility - Moneyness/TermSPEC : Generic Volatility Moneyness Term Surface,Generic Volatility Moneyness Term Surface,Volatility - Moneyness/TermSPEC,1,5475,0.2
rm_ro,Volatility - Moneyness/TermSPEC : Generic Volatility Moneyness Term Surface,Generic Volatility Moneyness Term Surface,Volatility - Moneyness/TermSPEC,1,9125,0.15
rm_ro,Volatility - Moneyness/TermSPEC : Generic Volatility Moneyness Term Surface,Generic Volatility Moneyness Term Surface,Volatility - Moneyness/TermSPEC,1,10950,0.15
rm_ro,Volatility - Moneyness/TermSPEC : Generic Volatility Moneyness Term Surface,Generic Volatility Moneyness Term Surface,Volatility - Moneyness/TermSPEC,1,18250,0.1
BAS,Volatility - Moneyness/TermSPEC,Volatility - Moneyness/TermSPEC,Volatility - Moneyness/Term,KLSE-Vol-Factor,KLSE-Vol-Factor,0,FALSE,,,,,@Linear,,FALSE,FALSE
rm_ro,Volatility - Moneyness/TermSPEC : Generic Volatility Moneyness Term Surface,Generic Volatility Moneyness Term Surface,Volatility - Moneyness/TermSPEC,1,91,1
rm_ro,Volatility - Moneyness/TermSPEC : Generic Volatility Moneyness Term Surface,Generic Volatility Moneyness Term Surface,Volatility - Moneyness/TermSPEC,1,182,0.9
rm_ro,Volatility - Moneyness/TermSPEC : Generic Volatility Moneyness Term Surface,Generic Volatility Moneyness Term Surface,Volatility - Moneyness/TermSPEC,1,365,0.8
rm_ro,Volatility - Moneyness/TermSPEC : Generic Volatility Moneyness Term Surface,Generic Volatility Moneyness Term Surface,Volatility - Moneyness/TermSPEC,1,730,0.65
rm_ro,Volatility - Moneyness/TermSPEC : Generic Volatility Moneyness Term Surface,Generic Volatility Moneyness Term Surface,Volatility - Moneyness/TermSPEC,1,1095,0.55
rm_ro,Volatility - Moneyness/TermSPEC : Generic Volatility Moneyness Term Surface,Generic Volatility Moneyness Term Surface,Volatility - Moneyness/TermSPEC,1,1825,0.4
rm_ro,Volatility - Moneyness/TermSPEC : Generic Volatility Moneyness Term Surface,Generic Volatility Moneyness Term Surface,Volatility - Moneyness/TermSPEC,1,2555,0.3
rm_ro,Volatility - Moneyness/TermSPEC : Generic Volatility Moneyness Term Surface,Generic Volatility Moneyness Term Surface,Volatility - Moneyness/TermSPEC,1,3650,0.25
rm_ro,Volatility - Moneyness/TermSPEC : Generic Volatility Moneyness Term Surface,Generic Volatility Moneyness Term Surface,Volatility - Moneyness/TermSPEC,1,5475,0.2
rm_ro,Volatility - Moneyness/TermSPEC : Generic Volatility Moneyness Term Surface,Generic Volatility Moneyness Term Surface,Volatility - Moneyness/TermSPEC,1,9125,0.15
rm_ro,Volatility - Moneyness/TermSPEC : Generic Volatility Moneyness Term Surface,Generic Volatility Moneyness Term Surface,Volatility - Moneyness/TermSPEC,1,10950,0.15
rm_ro,Volatility - Moneyness/TermSPEC : Generic Volatility Moneyness Term Surface,Generic Volatility Moneyness Term Surface,Volatility - Moneyness/TermSPEC,1,18250,0.1
BAS,Volatility - Moneyness/TermSPEC,Volatility - Moneyness/TermSPEC,Volatility - Moneyness/Term,KS11-Vol-Factor,KS11-Vol-Factor,0,FALSE,,,,,@Linear,,FALSE,FALSE
rm_ro,Volatility - Moneyness/TermSPEC : Generic Volatility Moneyness Term Surface,Generic Volatility Moneyness Term Surface,Volatility - Moneyness/TermSPEC,1,91,1
rm_ro,Volatility - Moneyness/TermSPEC : Generic Volatility Moneyness Term Surface,Generic Volatility Moneyness Term Surface,Volatility - Moneyness/TermSPEC,1,182,0.9
rm_ro,Volatility - Moneyness/TermSPEC : Generic Volatility Moneyness Term Surface,Generic Volatility Moneyness Term Surface,Volatility - Moneyness/TermSPEC,1,365,0.8
rm_ro,Volatility - Moneyness/TermSPEC : Generic Volatility Moneyness Term Surface,Generic Volatility Moneyness Term Surface,Volatility - Moneyness/TermSPEC,1,730,0.65
rm_ro,Volatility - Moneyness/TermSPEC : Generic Volatility Moneyness Term Surface,Generic Volatility Moneyness Term Surface,Volatility - Moneyness/TermSPEC,1,1095,0.55
rm_ro,Volatility - Moneyness/TermSPEC : Generic Volatility Moneyness Term Surface,Generic Volatility Moneyness Term Surface,Volatility - Moneyness/TermSPEC,1,1825,0.4
rm_ro,Volatility - Moneyness/TermSPEC : Generic Volatility Moneyness Term Surface,Generic Volatility Moneyness Term Surface,Volatility - Moneyness/TermSPEC,1,2555,0.3
rm_ro,Volatility - Moneyness/TermSPEC : Generic Volatility Moneyness Term Surface,Generic Volatility Moneyness Term Surface,Volatility - Moneyness/TermSPEC,1,3650,0.25
rm_ro,Volatility - Moneyness/TermSPEC : Generic Volatility Moneyness Term Surface,Generic Volatility Moneyness Term Surface,Volatility - Moneyness/TermSPEC,1,5475,0.2
rm_ro,Volatility - Moneyness/TermSPEC : Generic Volatility Moneyness Term Surface,Generic Volatility Moneyness Term Surface,Volatility - Moneyness/TermSPEC,1,9125,0.15
rm_ro,Volatility - Moneyness/TermSPEC : Generic Volatility Moneyness Term Surface,Generic Volatility Moneyness Term Surface,Volatility - Moneyness/TermSPEC,1,10950,0.15
rm_ro,Volatility - Moneyness/TermSPEC : Generic Volatility Moneyness Term Surface,Generic Volatility Moneyness Term Surface,Volatility - Moneyness/TermSPEC,1,18250,0.1
BAS,Volatility - Moneyness/TermSPEC,Volatility - Moneyness/TermSPEC,Volatility - Moneyness/Term,MSCIWO-Vol-Factor,MSCIWO-Vol-Factor,0,FALSE,,,,,@Linear,,FALSE,FALSE
rm_ro,Volatility - Moneyness/TermSPEC : Generic Volatility Moneyness Term Surface,Generic Volatility Moneyness Term Surface,Volatility - Moneyness/TermSPEC,1,91,1
rm_ro,Volatility - Moneyness/TermSPEC : Generic Volatility Moneyness Term Surface,Generic Volatility Moneyness Term Surface,Volatility - Moneyness/TermSPEC,1,182,0.9
rm_ro,Volatility - Moneyness/TermSPEC : Generic Volatility Moneyness Term Surface,Generic Volatility Moneyness Term Surface,Volatility - Moneyness/TermSPEC,1,365,0.8
rm_ro,Volatility - Moneyness/TermSPEC : Generic Volatility Moneyness Term Surface,Generic Volatility Moneyness Term Surface,Volatility - Moneyness/TermSPEC,1,730,0.65
rm_ro,Volatility - Moneyness/TermSPEC : Generic Volatility Moneyness Term Surface,Generic Volatility Moneyness Term Surface,Volatility - Moneyness/TermSPEC,1,1095,0.55
rm_ro,Volatility - Moneyness/TermSPEC : Generic Volatility Moneyness Term Surface,Generic Volatility Moneyness Term Surface,Volatility - Moneyness/TermSPEC,1,1825,0.4
rm_ro,Volatility - Moneyness/TermSPEC : Generic Volatility Moneyness Term Surface,Generic Volatility Moneyness Term Surface,Volatility - Moneyness/TermSPEC,1,2555,0.3
rm_ro,Volatility - Moneyness/TermSPEC : Generic Volatility Moneyness Term Surface,Generic Volatility Moneyness Term Surface,Volatility - Moneyness/TermSPEC,1,3650,0.25
rm_ro,Volatility - Moneyness/TermSPEC : Generic Volatility Moneyness Term Surface,Generic Volatility Moneyness Term Surface,Volatility - Moneyness/TermSPEC,1,5475,0.2
rm_ro,Volatility - Moneyness/TermSPEC : Generic Volatility Moneyness Term Surface,Generic Volatility Moneyness Term Surface,Volatility - Moneyness/TermSPEC,1,9125,0.15
rm_ro,Volatility - Moneyness/TermSPEC : Generic Volatility Moneyness Term Surface,Generic Volatility Moneyness Term Surface,Volatility - Moneyness/TermSPEC,1,10950,0.15
rm_ro,Volatility - Moneyness/TermSPEC : Generic Volatility Moneyness Term Surface,Generic Volatility Moneyness Term Surface,Volatility - Moneyness/TermSPEC,1,18250,0.1
BAS,Volatility - Moneyness/TermSPEC,Volatility - Moneyness/TermSPEC,Volatility - Moneyness/Term,MSDUEAFE-Vol-Factor,MSDUEAFE-Vol-Factor,0,FALSE,,,,,@Linear,,FALSE,FALSE
rm_ro,Volatility - Moneyness/TermSPEC : Generic Volatility Moneyness Term Surface,Generic Volatility Moneyness Term Surface,Volatility - Moneyness/TermSPEC,1,91,1
rm_ro,Volatility - Moneyness/TermSPEC : Generic Volatility Moneyness Term Surface,Generic Volatility Moneyness Term Surface,Volatility - Moneyness/TermSPEC,1,182,0.9
rm_ro,Volatility - Moneyness/TermSPEC : Generic Volatility Moneyness Term Surface,Generic Volatility Moneyness Term Surface,Volatility - Moneyness/TermSPEC,1,365,0.8
rm_ro,Volatility - Moneyness/TermSPEC : Generic Volatility Moneyness Term Surface,Generic Volatility Moneyness Term Surface,Volatility - Moneyness/TermSPEC,1,730,0.65
rm_ro,Volatility - Moneyness/TermSPEC : Generic Volatility Moneyness Term Surface,Generic Volatility Moneyness Term Surface,Volatility - Moneyness/TermSPEC,1,1095,0.55
rm_ro,Volatility - Moneyness/TermSPEC : Generic Volatility Moneyness Term Surface,Generic Volatility Moneyness Term Surface,Volatility - Moneyness/TermSPEC,1,1825,0.4
rm_ro,Volatility - Moneyness/TermSPEC : Generic Volatility Moneyness Term Surface,Generic Volatility Moneyness Term Surface,Volatility - Moneyness/TermSPEC,1,2555,0.3
rm_ro,Volatility - Moneyness/TermSPEC : Generic Volatility Moneyness Term Surface,Generic Volatility Moneyness Term Surface,Volatility - Moneyness/TermSPEC,1,3650,0.25
rm_ro,Volatility - Moneyness/TermSPEC : Generic Volatility Moneyness Term Surface,Generic Volatility Moneyness Term Surface,Volatility - Moneyness/TermSPEC,1,5475,0.2
rm_ro,Volatility - Moneyness/TermSPEC : Generic Volatility Moneyness Term Surface,Generic Volatility Moneyness Term Surface,Volatility - Moneyness/TermSPEC,1,9125,0.15
rm_ro,Volatility - Moneyness/TermSPEC : Generic Volatility Moneyness Term Surface,Generic Volatility Moneyness Term Surface,Volatility - Moneyness/TermSPEC,1,10950,0.15
rm_ro,Volatility - Moneyness/TermSPEC : Generic Volatility Moneyness Term Surface,Generic Volatility Moneyness Term Surface,Volatility - Moneyness/TermSPEC,1,18250,0.1
BAS,Volatility - Moneyness/TermSPEC,Volatility - Moneyness/TermSPEC,Volatility - Moneyness/Term,MSEUEGF-Vol-Factor,MSEUEGF-Vol-Factor,0,FALSE,,,,,@Linear,,FALSE,FALSE
rm_ro,Volatility - Moneyness/TermSPEC : Generic Volatility Moneyness Term Surface,Generic Volatility Moneyness Term Surface,Volatility - Moneyness/TermSPEC,1,91,1
rm_ro,Volatility - Moneyness/TermSPEC : Generic Volatility Moneyness Term Surface,Generic Volatility Moneyness Term Surface,Volatility - Moneyness/TermSPEC,1,182,0.9
rm_ro,Volatility - Moneyness/TermSPEC : Generic Volatility Moneyness Term Surface,Generic Volatility Moneyness Term Surface,Volatility - Moneyness/TermSPEC,1,365,0.8
rm_ro,Volatility - Moneyness/TermSPEC : Generic Volatility Moneyness Term Surface,Generic Volatility Moneyness Term Surface,Volatility - Moneyness/TermSPEC,1,730,0.65
rm_ro,Volatility - Moneyness/TermSPEC : Generic Volatility Moneyness Term Surface,Generic Volatility Moneyness Term Surface,Volatility - Moneyness/TermSPEC,1,1095,0.55
rm_ro,Volatility - Moneyness/TermSPEC : Generic Volatility Moneyness Term Surface,Generic Volatility Moneyness Term Surface,Volatility - Moneyness/TermSPEC,1,1825,0.4
rm_ro,Volatility - Moneyness/TermSPEC : Generic Volatility Moneyness Term Surface,Generic Volatility Moneyness Term Surface,Volatility - Moneyness/TermSPEC,1,2555,0.3
rm_ro,Volatility - Moneyness/TermSPEC : Generic Volatility Moneyness Term Surface,Generic Volatility Moneyness Term Surface,Volatility - Moneyness/TermSPEC,1,3650,0.25
rm_ro,Volatility - Moneyness/TermSPEC : Generic Volatility Moneyness Term Surface,Generic Volatility Moneyness Term Surface,Volatility - Moneyness/TermSPEC,1,5475,0.2
rm_ro,Volatility - Moneyness/TermSPEC : Generic Volatility Moneyness Term Surface,Generic Volatility Moneyness Term Surface,Volatility - Moneyness/TermSPEC,1,9125,0.15
rm_ro,Volatility - Moneyness/TermSPEC : Generic Volatility Moneyness Term Surface,Generic Volatility Moneyness Term Surface,Volatility - Moneyness/TermSPEC,1,10950,0.15
rm_ro,Volatility - Moneyness/TermSPEC : Generic Volatility Moneyness Term Surface,Generic Volatility Moneyness Term Surface,Volatility - Moneyness/TermSPEC,1,18250,0.1
BAS,Volatility - Moneyness/TermSPEC,Volatility - Moneyness/TermSPEC,Volatility - Moneyness/Term,N100-Vol-Factor,N100-Vol-Factor,0,FALSE,,,,,@Linear,,FALSE,FALSE
rm_ro,Volatility - Moneyness/TermSPEC : Generic Volatility Moneyness Term Surface,Generic Volatility Moneyness Term Surface,Volatility - Moneyness/TermSPEC,1,91,1
rm_ro,Volatility - Moneyness/TermSPEC : Generic Volatility Moneyness Term Surface,Generic Volatility Moneyness Term Surface,Volatility - Moneyness/TermSPEC,1,182,0.9
rm_ro,Volatility - Moneyness/TermSPEC : Generic Volatility Moneyness Term Surface,Generic Volatility Moneyness Term Surface,Volatility - Moneyness/TermSPEC,1,365,0.8
rm_ro,Volatility - Moneyness/TermSPEC : Generic Volatility Moneyness Term Surface,Generic Volatility Moneyness Term Surface,Volatility - Moneyness/TermSPEC,1,730,0.65
rm_ro,Volatility - Moneyness/TermSPEC : Generic Volatility Moneyness Term Surface,Generic Volatility Moneyness Term Surface,Volatility - Moneyness/TermSPEC,1,1095,0.55
rm_ro,Volatility - Moneyness/TermSPEC : Generic Volatility Moneyness Term Surface,Generic Volatility Moneyness Term Surface,Volatility - Moneyness/TermSPEC,1,1825,0.4
rm_ro,Volatility - Moneyness/TermSPEC : Generic Volatility Moneyness Term Surface,Generic Volatility Moneyness Term Surface,Volatility - Moneyness/TermSPEC,1,2555,0.3
rm_ro,Volatility - Moneyness/TermSPEC : Generic Volatility Moneyness Term Surface,Generic Volatility Moneyness Term Surface,Volatility - Moneyness/TermSPEC,1,3650,0.25
rm_ro,Volatility - Moneyness/TermSPEC : Generic Volatility Moneyness Term Surface,Generic Volatility Moneyness Term Surface,Volatility - Moneyness/TermSPEC,1,5475,0.2
rm_ro,Volatility - Moneyness/TermSPEC : Generic Volatility Moneyness Term Surface,Generic Volatility Moneyness Term Surface,Volatility - Moneyness/TermSPEC,1,9125,0.15
rm_ro,Volatility - Moneyness/TermSPEC : Generic Volatility Moneyness Term Surface,Generic Volatility Moneyness Term Surface,Volatility - Moneyness/TermSPEC,1,10950,0.15
rm_ro,Volatility - Moneyness/TermSPEC : Generic Volatility Moneyness Term Surface,Generic Volatility Moneyness Term Surface,Volatility - Moneyness/TermSPEC,1,18250,0.1
BAS,Volatility - Moneyness/TermSPEC,Volatility - Moneyness/TermSPEC,Volatility - Moneyness/Term,N225-Vol-Factor,N225-Vol-Factor,0,FALSE,,,,,@Linear,,FALSE,FALSE
rm_ro,Volatility - Moneyness/TermSPEC : Generic Volatility Moneyness Term Surface,Generic Volatility Moneyness Term Surface,Volatility - Moneyness/TermSPEC,1,91,1
rm_ro,Volatility - Moneyness/TermSPEC : Generic Volatility Moneyness Term Surface,Generic Volatility Moneyness Term Surface,Volatility - Moneyness/TermSPEC,1,182,0.9
rm_ro,Volatility - Moneyness/TermSPEC : Generic Volatility Moneyness Term Surface,Generic Volatility Moneyness Term Surface,Volatility - Moneyness/TermSPEC,1,365,0.8
rm_ro,Volatility - Moneyness/TermSPEC : Generic Volatility Moneyness Term Surface,Generic Volatility Moneyness Term Surface,Volatility - Moneyness/TermSPEC,1,730,0.65
rm_ro,Volatility - Moneyness/TermSPEC : Generic Volatility Moneyness Term Surface,Generic Volatility Moneyness Term Surface,Volatility - Moneyness/TermSPEC,1,1095,0.55
rm_ro,Volatility - Moneyness/TermSPEC : Generic Volatility Moneyness Term Surface,Generic Volatility Moneyness Term Surface,Volatility - Moneyness/TermSPEC,1,1825,0.4
rm_ro,Volatility - Moneyness/TermSPEC : Generic Volatility Moneyness Term Surface,Generic Volatility Moneyness Term Surface,Volatility - Moneyness/TermSPEC,1,2555,0.3
rm_ro,Volatility - Moneyness/TermSPEC : Generic Volatility Moneyness Term Surface,Generic Volatility Moneyness Term Surface,Volatility - Moneyness/TermSPEC,1,3650,0.25
rm_ro,Volatility - Moneyness/TermSPEC : Generic Volatility Moneyness Term Surface,Generic Volatility Moneyness Term Surface,Volatility - Moneyness/TermSPEC,1,5475,0.2
rm_ro,Volatility - Moneyness/TermSPEC : Generic Volatility Moneyness Term Surface,Generic Volatility Moneyness Term Surface,Volatility - Moneyness/TermSPEC,1,9125,0.15
rm_ro,Volatility - Moneyness/TermSPEC : Generic Volatility Moneyness Term Surface,Generic Volatility Moneyness Term Surface,Volatility - Moneyness/TermSPEC,1,10950,0.15
rm_ro,Volatility - Moneyness/TermSPEC : Generic Volatility Moneyness Term Surface,Generic Volatility Moneyness Term Surface,Volatility - Moneyness/TermSPEC,1,18250,0.1
BAS,Volatility - Moneyness/TermSPEC,Volatility - Moneyness/TermSPEC,Volatility - Moneyness/Term,NDX-Vol-Factor,NDX-Vol-Factor,0,FALSE,,,,,@Linear,,FALSE,FALSE
rm_ro,Volatility - Moneyness/TermSPEC : Generic Volatility Moneyness Term Surface,Generic Volatility Moneyness Term Surface,Volatility - Moneyness/TermSPEC,1,91,1
rm_ro,Volatility - Moneyness/TermSPEC : Generic Volatility Moneyness Term Surface,Generic Volatility Moneyness Term Surface,Volatility - Moneyness/TermSPEC,1,182,0.9
rm_ro,Volatility - Moneyness/TermSPEC : Generic Volatility Moneyness Term Surface,Generic Volatility Moneyness Term Surface,Volatility - Moneyness/TermSPEC,1,365,0.8
rm_ro,Volatility - Moneyness/TermSPEC : Generic Volatility Moneyness Term Surface,Generic Volatility Moneyness Term Surface,Volatility - Moneyness/TermSPEC,1,730,0.65
rm_ro,Volatility - Moneyness/TermSPEC : Generic Volatility Moneyness Term Surface,Generic Volatility Moneyness Term Surface,Volatility - Moneyness/TermSPEC,1,1095,0.55
rm_ro,Volatility - Moneyness/TermSPEC : Generic Volatility Moneyness Term Surface,Generic Volatility Moneyness Term Surface,Volatility - Moneyness/TermSPEC,1,1825,0.4
rm_ro,Volatility - Moneyness/TermSPEC : Generic Volatility Moneyness Term Surface,Generic Volatility Moneyness Term Surface,Volatility - Moneyness/TermSPEC,1,2555,0.3
rm_ro,Volatility - Moneyness/TermSPEC : Generic Volatility Moneyness Term Surface,Generic Volatility Moneyness Term Surface,Volatility - Moneyness/TermSPEC,1,3650,0.25
rm_ro,Volatility - Moneyness/TermSPEC : Generic Volatility Moneyness Term Surface,Generic Volatility Moneyness Term Surface,Volatility - Moneyness/TermSPEC,1,5475,0.2
rm_ro,Volatility - Moneyness/TermSPEC : Generic Volatility Moneyness Term Surface,Generic Volatility Moneyness Term Surface,Volatility - Moneyness/TermSPEC,1,9125,0.15
rm_ro,Volatility - Moneyness/TermSPEC : Generic Volatility Moneyness Term Surface,Generic Volatility Moneyness Term Surface,Volatility - Moneyness/TermSPEC,1,10950,0.15
rm_ro,Volatility - Moneyness/TermSPEC : Generic Volatility Moneyness Term Surface,Generic Volatility Moneyness Term Surface,Volatility - Moneyness/TermSPEC,1,18250,0.1
BAS,Volatility - Moneyness/TermSPEC,Volatility - Moneyness/TermSPEC,Volatility - Moneyness/Term,PX-Vol-Factor,PX-Vol-Factor,0,FALSE,,,,,@Linear,,FALSE,FALSE
rm_ro,Volatility - Moneyness/TermSPEC : Generic Volatility Moneyness Term Surface,Generic Volatility Moneyness Term Surface,Volatility - Moneyness/TermSPEC,1,91,1
rm_ro,Volatility - Moneyness/TermSPEC : Generic Volatility Moneyness Term Surface,Generic Volatility Moneyness Term Surface,Volatility - Moneyness/TermSPEC,1,182,0.9
rm_ro,Volatility - Moneyness/TermSPEC : Generic Volatility Moneyness Term Surface,Generic Volatility Moneyness Term Surface,Volatility - Moneyness/TermSPEC,1,365,0.8
rm_ro,Volatility - Moneyness/TermSPEC : Generic Volatility Moneyness Term Surface,Generic Volatility Moneyness Term Surface,Volatility - Moneyness/TermSPEC,1,730,0.65
rm_ro,Volatility - Moneyness/TermSPEC : Generic Volatility Moneyness Term Surface,Generic Volatility Moneyness Term Surface,Volatility - Moneyness/TermSPEC,1,1095,0.55
rm_ro,Volatility - Moneyness/TermSPEC : Generic Volatility Moneyness Term Surface,Generic Volatility Moneyness Term Surface,Volatility - Moneyness/TermSPEC,1,1825,0.4
rm_ro,Volatility - Moneyness/TermSPEC : Generic Volatility Moneyness Term Surface,Generic Volatility Moneyness Term Surface,Volatility - Moneyness/TermSPEC,1,2555,0.3
rm_ro,Volatility - Moneyness/TermSPEC : Generic Volatility Moneyness Term Surface,Generic Volatility Moneyness Term Surface,Volatility - Moneyness/TermSPEC,1,3650,0.25
rm_ro,Volatility - Moneyness/TermSPEC : Generic Volatility Moneyness Term Surface,Generic Volatility Moneyness Term Surface,Volatility - Moneyness/TermSPEC,1,5475,0.2
rm_ro,Volatility - Moneyness/TermSPEC : Generic Volatility Moneyness Term Surface,Generic Volatility Moneyness Term Surface,Volatility - Moneyness/TermSPEC,1,9125,0.15
rm_ro,Volatility - Moneyness/TermSPEC : Generic Volatility Moneyness Term Surface,Generic Volatility Moneyness Term Surface,Volatility - Moneyness/TermSPEC,1,10950,0.15
rm_ro,Volatility - Moneyness/TermSPEC : Generic Volatility Moneyness Term Surface,Generic Volatility Moneyness Term Surface,Volatility - Moneyness/TermSPEC,1,18250,0.1
BAS,Volatility - Moneyness/TermSPEC,Volatility - Moneyness/TermSPEC,Volatility - Moneyness/Term,RUX-Vol-Factor,RUX-Vol-Factor,0,FALSE,,,,,@Linear,,FALSE,FALSE
rm_ro,Volatility - Moneyness/TermSPEC : Generic Volatility Moneyness Term Surface,Generic Volatility Moneyness Term Surface,Volatility - Moneyness/TermSPEC,1,91,1
rm_ro,Volatility - Moneyness/TermSPEC : Generic Volatility Moneyness Term Surface,Generic Volatility Moneyness Term Surface,Volatility - Moneyness/TermSPEC,1,182,0.9
rm_ro,Volatility - Moneyness/TermSPEC : Generic Volatility Moneyness Term Surface,Generic Volatility Moneyness Term Surface,Volatility - Moneyness/TermSPEC,1,365,0.8
rm_ro,Volatility - Moneyness/TermSPEC : Generic Volatility Moneyness Term Surface,Generic Volatility Moneyness Term Surface,Volatility - Moneyness/TermSPEC,1,730,0.65
rm_ro,Volatility - Moneyness/TermSPEC : Generic Volatility Moneyness Term Surface,Generic Volatility Moneyness Term Surface,Volatility - Moneyness/TermSPEC,1,1095,0.55
rm_ro,Volatility - Moneyness/TermSPEC : Generic Volatility Moneyness Term Surface,Generic Volatility Moneyness Term Surface,Volatility - Moneyness/TermSPEC,1,1825,0.4
rm_ro,Volatility - Moneyness/TermSPEC : Generic Volatility Moneyness Term Surface,Generic Volatility Moneyness Term Surface,Volatility - Moneyness/TermSPEC,1,2555,0.3
rm_ro,Volatility - Moneyness/TermSPEC : Generic Volatility Moneyness Term Surface,Generic Volatility Moneyness Term Surface,Volatility - Moneyness/TermSPEC,1,3650,0.25
rm_ro,Volatility - Moneyness/TermSPEC : Generic Volatility Moneyness Term Surface,Generic Volatility Moneyness Term Surface,Volatility - Moneyness/TermSPEC,1,5475,0.2
rm_ro,Volatility - Moneyness/TermSPEC : Generic Volatility Moneyness Term Surface,Generic Volatility Moneyness Term Surface,Volatility - Moneyness/TermSPEC,1,9125,0.15
rm_ro,Volatility - Moneyness/TermSPEC : Generic Volatility Moneyness Term Surface,Generic Volatility Moneyness Term Surface,Volatility - Moneyness/TermSPEC,1,10950,0.15
rm_ro,Volatility - Moneyness/TermSPEC : Generic Volatility Moneyness Term Surface,Generic Volatility Moneyness Term Surface,Volatility - Moneyness/TermSPEC,1,18250,0.1
BAS,Volatility - Moneyness/TermSPEC,Volatility - Moneyness/TermSPEC,Volatility - Moneyness/Term,SETI-Vol-Factor,SETI-Vol-Factor,0,FALSE,,,,,@Linear,,FALSE,FALSE
rm_ro,Volatility - Moneyness/TermSPEC : Generic Volatility Moneyness Term Surface,Generic Volatility Moneyness Term Surface,Volatility - Moneyness/TermSPEC,1,91,1
rm_ro,Volatility - Moneyness/TermSPEC : Generic Volatility Moneyness Term Surface,Generic Volatility Moneyness Term Surface,Volatility - Moneyness/TermSPEC,1,182,0.9
rm_ro,Volatility - Moneyness/TermSPEC : Generic Volatility Moneyness Term Surface,Generic Volatility Moneyness Term Surface,Volatility - Moneyness/TermSPEC,1,365,0.8
rm_ro,Volatility - Moneyness/TermSPEC : Generic Volatility Moneyness Term Surface,Generic Volatility Moneyness Term Surface,Volatility - Moneyness/TermSPEC,1,730,0.65
rm_ro,Volatility - Moneyness/TermSPEC : Generic Volatility Moneyness Term Surface,Generic Volatility Moneyness Term Surface,Volatility - Moneyness/TermSPEC,1,1095,0.55
rm_ro,Volatility - Moneyness/TermSPEC : Generic Volatility Moneyness Term Surface,Generic Volatility Moneyness Term Surface,Volatility - Moneyness/TermSPEC,1,1825,0.4
rm_ro,Volatility - Moneyness/TermSPEC : Generic Volatility Moneyness Term Surface,Generic Volatility Moneyness Term Surface,Volatility - Moneyness/TermSPEC,1,2555,0.3
rm_ro,Volatility - Moneyness/TermSPEC : Generic Volatility Moneyness Term Surface,Generic Volatility Moneyness Term Surface,Volatility - Moneyness/TermSPEC,1,3650,0.25
rm_ro,Volatility - Moneyness/TermSPEC : Generic Volatility Moneyness Term Surface,Generic Volatility Moneyness Term Surface,Volatility - Moneyness/TermSPEC,1,5475,0.2
rm_ro,Volatility - Moneyness/TermSPEC : Generic Volatility Moneyness Term Surface,Generic Volatility Moneyness Term Surface,Volatility - Moneyness/TermSPEC,1,9125,0.15
rm_ro,Volatility - Moneyness/TermSPEC : Generic Volatility Moneyness Term Surface,Generic Volatility Moneyness Term Surface,Volatility - Moneyness/TermSPEC,1,10950,0.15
rm_ro,Volatility - Moneyness/TermSPEC : Generic Volatility Moneyness Term Surface,Generic Volatility Moneyness Term Surface,Volatility - Moneyness/TermSPEC,1,18250,0.1
BAS,Volatility - Moneyness/TermSPEC,Volatility - Moneyness/TermSPEC,Volatility - Moneyness/Term,SPX-Vol-Factor,SPX-Vol-Factor,0,FALSE,,,,,@Linear,,FALSE,FALSE
rm_ro,Volatility - Moneyness/TermSPEC : Generic Volatility Moneyness Term Surface,Generic Volatility Moneyness Term Surface,Volatility - Moneyness/TermSPEC,1,91,1
rm_ro,Volatility - Moneyness/TermSPEC : Generic Volatility Moneyness Term Surface,Generic Volatility Moneyness Term Surface,Volatility - Moneyness/TermSPEC,1,182,0.9
rm_ro,Volatility - Moneyness/TermSPEC : Generic Volatility Moneyness Term Surface,Generic Volatility Moneyness Term Surface,Volatility - Moneyness/TermSPEC,1,365,0.8
rm_ro,Volatility - Moneyness/TermSPEC : Generic Volatility Moneyness Term Surface,Generic Volatility Moneyness Term Surface,Volatility - Moneyness/TermSPEC,1,730,0.65
rm_ro,Volatility - Moneyness/TermSPEC : Generic Volatility Moneyness Term Surface,Generic Volatility Moneyness Term Surface,Volatility - Moneyness/TermSPEC,1,1095,0.55
rm_ro,Volatility - Moneyness/TermSPEC : Generic Volatility Moneyness Term Surface,Generic Volatility Moneyness Term Surface,Volatility - Moneyness/TermSPEC,1,1825,0.4
rm_ro,Volatility - Moneyness/TermSPEC : Generic Volatility Moneyness Term Surface,Generic Volatility Moneyness Term Surface,Volatility - Moneyness/TermSPEC,1,2555,0.3
rm_ro,Volatility - Moneyness/TermSPEC : Generic Volatility Moneyness Term Surface,Generic Volatility Moneyness Term Surface,Volatility - Moneyness/TermSPEC,1,3650,0.25
rm_ro,Volatility - Moneyness/TermSPEC : Generic Volatility Moneyness Term Surface,Generic Volatility Moneyness Term Surface,Volatility - Moneyness/TermSPEC,1,5475,0.2
rm_ro,Volatility - Moneyness/TermSPEC : Generic Volatility Moneyness Term Surface,Generic Volatility Moneyness Term Surface,Volatility - Moneyness/TermSPEC,1,9125,0.15
rm_ro,Volatility - Moneyness/TermSPEC : Generic Volatility Moneyness Term Surface,Generic Volatility Moneyness Term Surface,Volatility - Moneyness/TermSPEC,1,10950,0.15
rm_ro,Volatility - Moneyness/TermSPEC : Generic Volatility Moneyness Term Surface,Generic Volatility Moneyness Term Surface,Volatility - Moneyness/TermSPEC,1,18250,0.1
BAS,Volatility - Moneyness/TermSPEC,Volatility - Moneyness/TermSPEC,Volatility - Moneyness/Term,SSEC-Vol-Factor,SSEC-Vol-Factor,0,FALSE,,,,,@Linear,,FALSE,FALSE
rm_ro,Volatility - Moneyness/TermSPEC : Generic Volatility Moneyness Term Surface,Generic Volatility Moneyness Term Surface,Volatility - Moneyness/TermSPEC,1,91,1
rm_ro,Volatility - Moneyness/TermSPEC : Generic Volatility Moneyness Term Surface,Generic Volatility Moneyness Term Surface,Volatility - Moneyness/TermSPEC,1,182,0.9
rm_ro,Volatility - Moneyness/TermSPEC : Generic Volatility Moneyness Term Surface,Generic Volatility Moneyness Term Surface,Volatility - Moneyness/TermSPEC,1,365,0.8
rm_ro,Volatility - Moneyness/TermSPEC : Generic Volatility Moneyness Term Surface,Generic Volatility Moneyness Term Surface,Volatility - Moneyness/TermSPEC,1,730,0.65
rm_ro,Volatility - Moneyness/TermSPEC : Generic Volatility Moneyness Term Surface,Generic Volatility Moneyness Term Surface,Volatility - Moneyness/TermSPEC,1,1095,0.55
rm_ro,Volatility - Moneyness/TermSPEC : Generic Volatility Moneyness Term Surface,Generic Volatility Moneyness Term Surface,Volatility - Moneyness/TermSPEC,1,1825,0.4
rm_ro,Volatility - Moneyness/TermSPEC : Generic Volatility Moneyness Term Surface,Generic Volatility Moneyness Term Surface,Volatility - Moneyness/TermSPEC,1,2555,0.3
rm_ro,Volatility - Moneyness/TermSPEC : Generic Volatility Moneyness Term Surface,Generic Volatility Moneyness Term Surface,Volatility - Moneyness/TermSPEC,1,3650,0.25
rm_ro,Volatility - Moneyness/TermSPEC : Generic Volatility Moneyness Term Surface,Generic Volatility Moneyness Term Surface,Volatility - Moneyness/TermSPEC,1,5475,0.2
rm_ro,Volatility - Moneyness/TermSPEC : Generic Volatility Moneyness Term Surface,Generic Volatility Moneyness Term Surface,Volatility - Moneyness/TermSPEC,1,9125,0.15
rm_ro,Volatility - Moneyness/TermSPEC : Generic Volatility Moneyness Term Surface,Generic Volatility Moneyness Term Surface,Volatility - Moneyness/TermSPEC,1,10950,0.15
rm_ro,Volatility - Moneyness/TermSPEC : Generic Volatility Moneyness Term Surface,Generic Volatility Moneyness Term Surface,Volatility - Moneyness/TermSPEC,1,18250,0.1
BAS,Volatility - Moneyness/TermSPEC,Volatility - Moneyness/TermSPEC,Volatility - Moneyness/Term,STOXX50E-Vol-Factor,STOXX50E-Vol-Factor,0,FALSE,,,,,@Linear,,FALSE,FALSE
rm_ro,Volatility - Moneyness/TermSPEC : Generic Volatility Moneyness Term Surface,Generic Volatility Moneyness Term Surface,Volatility - Moneyness/TermSPEC,1,91,1
rm_ro,Volatility - Moneyness/TermSPEC : Generic Volatility Moneyness Term Surface,Generic Volatility Moneyness Term Surface,Volatility - Moneyness/TermSPEC,1,182,0.9
rm_ro,Volatility - Moneyness/TermSPEC : Generic Volatility Moneyness Term Surface,Generic Volatility Moneyness Term Surface,Volatility - Moneyness/TermSPEC,1,365,0.8
rm_ro,Volatility - Moneyness/TermSPEC : Generic Volatility Moneyness Term Surface,Generic Volatility Moneyness Term Surface,Volatility - Moneyness/TermSPEC,1,730,0.65
rm_ro,Volatility - Moneyness/TermSPEC : Generic Volatility Moneyness Term Surface,Generic Volatility Moneyness Term Surface,Volatility - Moneyness/TermSPEC,1,1095,0.55
rm_ro,Volatility - Moneyness/TermSPEC : Generic Volatility Moneyness Term Surface,Generic Volatility Moneyness Term Surface,Volatility - Moneyness/TermSPEC,1,1825,0.4
rm_ro,Volatility - Moneyness/TermSPEC : Generic Volatility Moneyness Term Surface,Generic Volatility Moneyness Term Surface,Volatility - Moneyness/TermSPEC,1,2555,0.3
rm_ro,Volatility - Moneyness/TermSPEC : Generic Volatility Moneyness Term Surface,Generic Volatility Moneyness Term Surface,Volatility - Moneyness/TermSPEC,1,3650,0.25
rm_ro,Volatility - Moneyness/TermSPEC : Generic Volatility Moneyness Term Surface,Generic Volatility Moneyness Term Surface,Volatility - Moneyness/TermSPEC,1,5475,0.2
rm_ro,Volatility - Moneyness/TermSPEC : Generic Volatility Moneyness Term Surface,Generic Volatility Moneyness Term Surface,Volatility - Moneyness/TermSPEC,1,9125,0.15
rm_ro,Volatility - Moneyness/TermSPEC : Generic Volatility Moneyness Term Surface,Generic Volatility Moneyness Term Surface,Volatility - Moneyness/TermSPEC,1,10950,0.15
rm_ro,Volatility - Moneyness/TermSPEC : Generic Volatility Moneyness Term Surface,Generic Volatility Moneyness Term Surface,Volatility - Moneyness/TermSPEC,1,18250,0.1
BAS,Volatility - Moneyness/TermSPEC,Volatility - Moneyness/TermSPEC,Volatility - Moneyness/Term,TOPX-Vol-Factor,TOPX-Vol-Factor,0,FALSE,,,,,@Linear,,FALSE,FALSE
rm_ro,Volatility - Moneyness/TermSPEC : Generic Volatility Moneyness Term Surface,Generic Volatility Moneyness Term Surface,Volatility - Moneyness/TermSPEC,1,91,1
rm_ro,Volatility - Moneyness/TermSPEC : Generic Volatility Moneyness Term Surface,Generic Volatility Moneyness Term Surface,Volatility - Moneyness/TermSPEC,1,182,0.9
rm_ro,Volatility - Moneyness/TermSPEC : Generic Volatility Moneyness Term Surface,Generic Volatility Moneyness Term Surface,Volatility - Moneyness/TermSPEC,1,365,0.8
rm_ro,Volatility - Moneyness/TermSPEC : Generic Volatility Moneyness Term Surface,Generic Volatility Moneyness Term Surface,Volatility - Moneyness/TermSPEC,1,730,0.65
rm_ro,Volatility - Moneyness/TermSPEC : Generic Volatility Moneyness Term Surface,Generic Volatility Moneyness Term Surface,Volatility - Moneyness/TermSPEC,1,1095,0.55
rm_ro,Volatility - Moneyness/TermSPEC : Generic Volatility Moneyness Term Surface,Generic Volatility Moneyness Term Surface,Volatility - Moneyness/TermSPEC,1,1825,0.4
rm_ro,Volatility - Moneyness/TermSPEC : Generic Volatility Moneyness Term Surface,Generic Volatility Moneyness Term Surface,Volatility - Moneyness/TermSPEC,1,2555,0.3
rm_ro,Volatility - Moneyness/TermSPEC : Generic Volatility Moneyness Term Surface,Generic Volatility Moneyness Term Surface,Volatility - Moneyness/TermSPEC,1,3650,0.25
rm_ro,Volatility - Moneyness/TermSPEC : Generic Volatility Moneyness Term Surface,Generic Volatility Moneyness Term Surface,Volatility - Moneyness/TermSPEC,1,5475,0.2
rm_ro,Volatility - Moneyness/TermSPEC : Generic Volatility Moneyness Term Surface,Generic Volatility Moneyness Term Surface,Volatility - Moneyness/TermSPEC,1,9125,0.15
rm_ro,Volatility - Moneyness/TermSPEC : Generic Volatility Moneyness Term Surface,Generic Volatility Moneyness Term Surface,Volatility - Moneyness/TermSPEC,1,10950,0.15
rm_ro,Volatility - Moneyness/TermSPEC : Generic Volatility Moneyness Term Surface,Generic Volatility Moneyness Term Surface,Volatility - Moneyness/TermSPEC,1,18250,0.1
BAS,Volatility - Moneyness/TermSPEC,Volatility - Moneyness/TermSPEC,Volatility - Moneyness/Term,WIG-Vol-Factor,WIG-Vol-Factor,0,FALSE,,,,,@Linear,,FALSE,FALSE
rm_ro,Volatility - Moneyness/TermSPEC : Generic Volatility Moneyness Term Surface,Generic Volatility Moneyness Term Surface,Volatility - Moneyness/TermSPEC,1,91,1
rm_ro,Volatility - Moneyness/TermSPEC : Generic Volatility Moneyness Term Surface,Generic Volatility Moneyness Term Surface,Volatility - Moneyness/TermSPEC,1,182,0.9
rm_ro,Volatility - Moneyness/TermSPEC : Generic Volatility Moneyness Term Surface,Generic Volatility Moneyness Term Surface,Volatility - Moneyness/TermSPEC,1,365,0.8
rm_ro,Volatility - Moneyness/TermSPEC : Generic Volatility Moneyness Term Surface,Generic Volatility Moneyness Term Surface,Volatility - Moneyness/TermSPEC,1,730,0.65
rm_ro,Volatility - Moneyness/TermSPEC : Generic Volatility Moneyness Term Surface,Generic Volatility Moneyness Term Surface,Volatility - Moneyness/TermSPEC,1,1095,0.55
rm_ro,Volatility - Moneyness/TermSPEC : Generic Volatility Moneyness Term Surface,Generic Volatility Moneyness Term Surface,Volatility - Moneyness/TermSPEC,1,1825,0.4
rm_ro,Volatility - Moneyness/TermSPEC : Generic Volatility Moneyness Term Surface,Generic Volatility Moneyness Term Surface,Volatility - Moneyness/TermSPEC,1,2555,0.3
rm_ro,Volatility - Moneyness/TermSPEC : Generic Volatility Moneyness Term Surface,Generic Volatility Moneyness Term Surface,Volatility - Moneyness/TermSPEC,1,3650,0.25
rm_ro,Volatility - Moneyness/TermSPEC : Generic Volatility Moneyness Term Surface,Generic Volatility Moneyness Term Surface,Volatility - Moneyness/TermSPEC,1,5475,0.2
rm_ro,Volatility - Moneyness/TermSPEC : Generic Volatility Moneyness Term Surface,Generic Volatility Moneyness Term Surface,Volatility - Moneyness/TermSPEC,1,9125,0.15
rm_ro,Volatility - Moneyness/TermSPEC : Generic Volatility Moneyness Term Surface,Generic Volatility Moneyness Term Surface,Volatility - Moneyness/TermSPEC,1,10950,0.15
rm_ro,Volatility - Moneyness/TermSPEC : Generic Volatility Moneyness Term Surface,Generic Volatility Moneyness Term Surface,Volatility - Moneyness/TermSPEC,1,18250,0.1
BAS,Volatility - Moneyness/TermSPEC,Volatility - Moneyness/TermSPEC,Volatility - Moneyness/Term,ASE-Vol-Factor,ASE-Vol-Factor,0,FALSE,,,,,@Linear,,FALSE,FALSE
rm_ro,Volatility - Moneyness/TermSPEC : Generic Volatility Moneyness Term Surface,Generic Volatility Moneyness Term Surface,Volatility - Moneyness/TermSPEC,1,91,1
rm_ro,Volatility - Moneyness/TermSPEC : Generic Volatility Moneyness Term Surface,Generic Volatility Moneyness Term Surface,Volatility - Moneyness/TermSPEC,1,182,0.9
rm_ro,Volatility - Moneyness/TermSPEC : Generic Volatility Moneyness Term Surface,Generic Volatility Moneyness Term Surface,Volatility - Moneyness/TermSPEC,1,365,0.8
rm_ro,Volatility - Moneyness/TermSPEC : Generic Volatility Moneyness Term Surface,Generic Volatility Moneyness Term Surface,Volatility - Moneyness/TermSPEC,1,730,0.65
rm_ro,Volatility - Moneyness/TermSPEC : Generic Volatility Moneyness Term Surface,Generic Volatility Moneyness Term Surface,Volatility - Moneyness/TermSPEC,1,1095,0.55
rm_ro,Volatility - Moneyness/TermSPEC : Generic Volatility Moneyness Term Surface,Generic Volatility Moneyness Term Surface,Volatility - Moneyness/TermSPEC,1,1825,0.4
rm_ro,Volatility - Moneyness/TermSPEC : Generic Volatility Moneyness Term Surface,Generic Volatility Moneyness Term Surface,Volatility - Moneyness/TermSPEC,1,2555,0.3
rm_ro,Volatility - Moneyness/TermSPEC : Generic Volatility Moneyness Term Surface,Generic Volatility Moneyness Term Surface,Volatility - Moneyness/TermSPEC,1,3650,0.25
rm_ro,Volatility - Moneyness/TermSPEC : Generic Volatility Moneyness Term Surface,Generic Volatility Moneyness Term Surface,Volatility - Moneyness/TermSPEC,1,5475,0.2
rm_ro,Volatility - Moneyness/TermSPEC : Generic Volatility Moneyness Term Surface,Generic Volatility Moneyness Term Surface,Volatility - Moneyness/TermSPEC,1,9125,0.15
rm_ro,Volatility - Moneyness/TermSPEC : Generic Volatility Moneyness Term Surface,Generic Volatility Moneyness Term Surface,Volatility - Moneyness/TermSPEC,1,10950,0.15
rm_ro,Volatility - Moneyness/TermSPEC : Generic Volatility Moneyness Term Surface,Generic Volatility Moneyness Term Surface,Volatility - Moneyness/TermSPEC,1,18250,0.1
BAS,Volatility - Moneyness/TermSPEC,Volatility - Moneyness/TermSPEC,Volatility - Moneyness/Term,CECEEUR-Vol-Factor,CECEEUR-Vol-Factor,0,FALSE,,,,,@Linear,,FALSE,FALSE
rm_ro,Volatility - Moneyness/TermSPEC : Generic Volatility Moneyness Term Surface,Generic Volatility Moneyness Term Surface,Volatility - Moneyness/TermSPEC,1,91,1
rm_ro,Volatility - Moneyness/TermSPEC : Generic Volatility Moneyness Term Surface,Generic Volatility Moneyness Term Surface,Volatility - Moneyness/TermSPEC,1,182,0.9
rm_ro,Volatility - Moneyness/TermSPEC : Generic Volatility Moneyness Term Surface,Generic Volatility Moneyness Term Surface,Volatility - Moneyness/TermSPEC,1,365,0.8
rm_ro,Volatility - Moneyness/TermSPEC : Generic Volatility Moneyness Term Surface,Generic Volatility Moneyness Term Surface,Volatility - Moneyness/TermSPEC,1,730,0.65
rm_ro,Volatility - Moneyness/TermSPEC : Generic Volatility Moneyness Term Surface,Generic Volatility Moneyness Term Surface,Volatility - Moneyness/TermSPEC,1,1095,0.55
rm_ro,Volatility - Moneyness/TermSPEC : Generic Volatility Moneyness Term Surface,Generic Volatility Moneyness Term Surface,Volatility - Moneyness/TermSPEC,1,1825,0.4
rm_ro,Volatility - Moneyness/TermSPEC : Generic Volatility Moneyness Term Surface,Generic Volatility Moneyness Term Surface,Volatility - Moneyness/TermSPEC,1,2555,0.3
rm_ro,Volatility - Moneyness/TermSPEC : Generic Volatility Moneyness Term Surface,Generic Volatility Moneyness Term Surface,Volatility - Moneyness/TermSPEC,1,3650,0.25
rm_ro,Volatility - Moneyness/TermSPEC : Generic Volatility Moneyness Term Surface,Generic Volatility Moneyness Term Surface,Volatility - Moneyness/TermSPEC,1,5475,0.2
rm_ro,Volatility - Moneyness/TermSPEC : Generic Volatility Moneyness Term Surface,Generic Volatility Moneyness Term Surface,Volatility - Moneyness/TermSPEC,1,9125,0.15
rm_ro,Volatility - Moneyness/TermSPEC : Generic Volatility Moneyness Term Surface,Generic Volatility Moneyness Term Surface,Volatility - Moneyness/TermSPEC,1,10950,0.15
rm_ro,Volatility - Moneyness/TermSPEC : Generic Volatility Moneyness Term Surface,Generic Volatility Moneyness Term Surface,Volatility - Moneyness/TermSPEC,1,18250,0.1
BAS,Volatility - Moneyness/TermSPEC,Volatility - Moneyness/TermSPEC,Volatility - Moneyness/Term,FBM100-Vol-Factor,FBM100-Vol-Factor,0,FALSE,,,,,@Linear,,FALSE,FALSE
rm_ro,Volatility - Moneyness/TermSPEC : Generic Volatility Moneyness Term Surface,Generic Volatility Moneyness Term Surface,Volatility - Moneyness/TermSPEC,1,91,1
rm_ro,Volatility - Moneyness/TermSPEC : Generic Volatility Moneyness Term Surface,Generic Volatility Moneyness Term Surface,Volatility - Moneyness/TermSPEC,1,182,0.9
rm_ro,Volatility - Moneyness/TermSPEC : Generic Volatility Moneyness Term Surface,Generic Volatility Moneyness Term Surface,Volatility - Moneyness/TermSPEC,1,365,0.8
rm_ro,Volatility - Moneyness/TermSPEC : Generic Volatility Moneyness Term Surface,Generic Volatility Moneyness Term Surface,Volatility - Moneyness/TermSPEC,1,730,0.65
rm_ro,Volatility - Moneyness/TermSPEC : Generic Volatility Moneyness Term Surface,Generic Volatility Moneyness Term Surface,Volatility - Moneyness/TermSPEC,1,1095,0.55
rm_ro,Volatility - Moneyness/TermSPEC : Generic Volatility Moneyness Term Surface,Generic Volatility Moneyness Term Surface,Volatility - Moneyness/TermSPEC,1,1825,0.4
rm_ro,Volatility - Moneyness/TermSPEC : Generic Volatility Moneyness Term Surface,Generic Volatility Moneyness Term Surface,Volatility - Moneyness/TermSPEC,1,2555,0.3
rm_ro,Volatility - Moneyness/TermSPEC : Generic Volatility Moneyness Term Surface,Generic Volatility Moneyness Term Surface,Volatility - Moneyness/TermSPEC,1,3650,0.25
rm_ro,Volatility - Moneyness/TermSPEC : Generic Volatility Moneyness Term Surface,Generic Volatility Moneyness Term Surface,Volatility - Moneyness/TermSPEC,1,5475,0.2
rm_ro,Volatility - Moneyness/TermSPEC : Generic Volatility Moneyness Term Surface,Generic Volatility Moneyness Term Surface,Volatility - Moneyness/TermSPEC,1,9125,0.15
rm_ro,Volatility - Moneyness/TermSPEC : Generic Volatility Moneyness Term Surface,Generic Volatility Moneyness Term Surface,Volatility - Moneyness/TermSPEC,1,10950,0.15
rm_ro,Volatility - Moneyness/TermSPEC : Generic Volatility Moneyness Term Surface,Generic Volatility Moneyness Term Surface,Volatility - Moneyness/TermSPEC,1,18250,0.1
BAS,Volatility - Moneyness/TermSPEC,Volatility - Moneyness/TermSPEC,Volatility - Moneyness/Term,HFRXGLE-Vol-Factor,HFRXGLE-Vol-Factor,0,FALSE,,,,,@Linear,,FALSE,FALSE
rm_ro,Volatility - Moneyness/TermSPEC : Generic Volatility Moneyness Term Surface,Generic Volatility Moneyness Term Surface,Volatility - Moneyness/TermSPEC,1,91,1
rm_ro,Volatility - Moneyness/TermSPEC : Generic Volatility Moneyness Term Surface,Generic Volatility Moneyness Term Surface,Volatility - Moneyness/TermSPEC,1,182,0.9
rm_ro,Volatility - Moneyness/TermSPEC : Generic Volatility Moneyness Term Surface,Generic Volatility Moneyness Term Surface,Volatility - Moneyness/TermSPEC,1,365,0.8
rm_ro,Volatility - Moneyness/TermSPEC : Generic Volatility Moneyness Term Surface,Generic Volatility Moneyness Term Surface,Volatility - Moneyness/TermSPEC,1,730,0.65
rm_ro,Volatility - Moneyness/TermSPEC : Generic Volatility Moneyness Term Surface,Generic Volatility Moneyness Term Surface,Volatility - Moneyness/TermSPEC,1,1095,0.55
rm_ro,Volatility - Moneyness/TermSPEC : Generic Volatility Moneyness Term Surface,Generic Volatility Moneyness Term Surface,Volatility - Moneyness/TermSPEC,1,1825,0.4
rm_ro,Volatility - Moneyness/TermSPEC : Generic Volatility Moneyness Term Surface,Generic Volatility Moneyness Term Surface,Volatility - Moneyness/TermSPEC,1,2555,0.3
rm_ro,Volatility - Moneyness/TermSPEC : Generic Volatility Moneyness Term Surface,Generic Volatility Moneyness Term Surface,Volatility - Moneyness/TermSPEC,1,3650,0.25
rm_ro,Volatility - Moneyness/TermSPEC : Generic Volatility Moneyness Term Surface,Generic Volatility Moneyness Term Surface,Volatility - Moneyness/TermSPEC,1,5475,0.2
rm_ro,Volatility - Moneyness/TermSPEC : Generic Volatility Moneyness Term Surface,Generic Volatility Moneyness Term Surface,Volatility - Moneyness/TermSPEC,1,9125,0.15
rm_ro,Volatility - Moneyness/TermSPEC : Generic Volatility Moneyness Term Surface,Generic Volatility Moneyness Term Surface,Volatility - Moneyness/TermSPEC,1,10950,0.15
rm_ro,Volatility - Moneyness/TermSPEC : Generic Volatility Moneyness Term Surface,Generic Volatility Moneyness Term Surface,Volatility - Moneyness/TermSPEC,1,18250,0.1
BAS,Volatility - Moneyness/TermSPEC,Volatility - Moneyness/TermSPEC,Volatility - Moneyness/Term,MSDLWI-Vol-Factor,MSDLWI-Vol-Factor,0,FALSE,,,,,@Linear,,FALSE,FALSE
rm_ro,Volatility - Moneyness/TermSPEC : Generic Volatility Moneyness Term Surface,Generic Volatility Moneyness Term Surface,Volatility - Moneyness/TermSPEC,1,91,1
rm_ro,Volatility - Moneyness/TermSPEC : Generic Volatility Moneyness Term Surface,Generic Volatility Moneyness Term Surface,Volatility - Moneyness/TermSPEC,1,182,0.9
rm_ro,Volatility - Moneyness/TermSPEC : Generic Volatility Moneyness Term Surface,Generic Volatility Moneyness Term Surface,Volatility - Moneyness/TermSPEC,1,365,0.8
rm_ro,Volatility - Moneyness/TermSPEC : Generic Volatility Moneyness Term Surface,Generic Volatility Moneyness Term Surface,Volatility - Moneyness/TermSPEC,1,730,0.65
rm_ro,Volatility - Moneyness/TermSPEC : Generic Volatility Moneyness Term Surface,Generic Volatility Moneyness Term Surface,Volatility - Moneyness/TermSPEC,1,1095,0.55
rm_ro,Volatility - Moneyness/TermSPEC : Generic Volatility Moneyness Term Surface,Generic Volatility Moneyness Term Surface,Volatility - Moneyness/TermSPEC,1,1825,0.4
rm_ro,Volatility - Moneyness/TermSPEC : Generic Volatility Moneyness Term Surface,Generic Volatility Moneyness Term Surface,Volatility - Moneyness/TermSPEC,1,2555,0.3
rm_ro,Volatility - Moneyness/TermSPEC : Generic Volatility Moneyness Term Surface,Generic Volatility Moneyness Term Surface,Volatility - Moneyness/TermSPEC,1,3650,0.25
rm_ro,Volatility - Moneyness/TermSPEC : Generic Volatility Moneyness Term Surface,Generic Volatility Moneyness Term Surface,Volatility - Moneyness/TermSPEC,1,5475,0.2
rm_ro,Volatility - Moneyness/TermSPEC : Generic Volatility Moneyness Term Surface,Generic Volatility Moneyness Term Surface,Volatility - Moneyness/TermSPEC,1,9125,0.15
rm_ro,Volatility - Moneyness/TermSPEC : Generic Volatility Moneyness Term Surface,Generic Volatility Moneyness Term Surface,Volatility - Moneyness/TermSPEC,1,10950,0.15
rm_ro,Volatility - Moneyness/TermSPEC : Generic Volatility Moneyness Term Surface,Generic Volatility Moneyness Term Surface,Volatility - Moneyness/TermSPEC,1,18250,0.1
BAS,Volatility - Moneyness/TermSPEC,Volatility - Moneyness/TermSPEC,Volatility - Moneyness/Term,MXEF-Vol-Factor,MXEF-Vol-Factor,0,FALSE,,,,,@Linear,,FALSE,FALSE
rm_ro,Volatility - Moneyness/TermSPEC : Generic Volatility Moneyness Term Surface,Generic Volatility Moneyness Term Surface,Volatility - Moneyness/TermSPEC,1,91,1
rm_ro,Volatility - Moneyness/TermSPEC : Generic Volatility Moneyness Term Surface,Generic Volatility Moneyness Term Surface,Volatility - Moneyness/TermSPEC,1,182,0.9
rm_ro,Volatility - Moneyness/TermSPEC : Generic Volatility Moneyness Term Surface,Generic Volatility Moneyness Term Surface,Volatility - Moneyness/TermSPEC,1,365,0.8
rm_ro,Volatility - Moneyness/TermSPEC : Generic Volatility Moneyness Term Surface,Generic Volatility Moneyness Term Surface,Volatility - Moneyness/TermSPEC,1,730,0.65
rm_ro,Volatility - Moneyness/TermSPEC : Generic Volatility Moneyness Term Surface,Generic Volatility Moneyness Term Surface,Volatility - Moneyness/TermSPEC,1,1095,0.55
rm_ro,Volatility - Moneyness/TermSPEC : Generic Volatility Moneyness Term Surface,Generic Volatility Moneyness Term Surface,Volatility - Moneyness/TermSPEC,1,1825,0.4
rm_ro,Volatility - Moneyness/TermSPEC : Generic Volatility Moneyness Term Surface,Generic Volatility Moneyness Term Surface,Volatility - Moneyness/TermSPEC,1,2555,0.3
rm_ro,Volatility - Moneyness/TermSPEC : Generic Volatility Moneyness Term Surface,Generic Volatility Moneyness Term Surface,Volatility - Moneyness/TermSPEC,1,3650,0.25
rm_ro,Volatility - Moneyness/TermSPEC : Generic Volatility Moneyness Term Surface,Generic Volatility Moneyness Term Surface,Volatility - Moneyness/TermSPEC,1,5475,0.2
rm_ro,Volatility - Moneyness/TermSPEC : Generic Volatility Moneyness Term Surface,Generic Volatility Moneyness Term Surface,Volatility - Moneyness/TermSPEC,1,9125,0.15
rm_ro,Volatility - Moneyness/TermSPEC : Generic Volatility Moneyness Term Surface,Generic Volatility Moneyness Term Surface,Volatility - Moneyness/TermSPEC,1,10950,0.15
rm_ro,Volatility - Moneyness/TermSPEC : Generic Volatility Moneyness Term Surface,Generic Volatility Moneyness Term Surface,Volatility - Moneyness/TermSPEC,1,18250,0.1
BAS,Volatility - Moneyness/TermSPEC,Volatility - Moneyness/TermSPEC,Volatility - Moneyness/Term,MXEU-Vol-Factor,MXEU-Vol-Factor,0,FALSE,,,,,@Linear,,FALSE,FALSE
rm_ro,Volatility - Moneyness/TermSPEC : Generic Volatility Moneyness Term Surface,Generic Volatility Moneyness Term Surface,Volatility - Moneyness/TermSPEC,1,91,1
rm_ro,Volatility - Moneyness/TermSPEC : Generic Volatility Moneyness Term Surface,Generic Volatility Moneyness Term Surface,Volatility - Moneyness/TermSPEC,1,182,0.9
rm_ro,Volatility - Moneyness/TermSPEC : Generic Volatility Moneyness Term Surface,Generic Volatility Moneyness Term Surface,Volatility - Moneyness/TermSPEC,1,365,0.8
rm_ro,Volatility - Moneyness/TermSPEC : Generic Volatility Moneyness Term Surface,Generic Volatility Moneyness Term Surface,Volatility - Moneyness/TermSPEC,1,730,0.65
rm_ro,Volatility - Moneyness/TermSPEC : Generic Volatility Moneyness Term Surface,Generic Volatility Moneyness Term Surface,Volatility - Moneyness/TermSPEC,1,1095,0.55
rm_ro,Volatility - Moneyness/TermSPEC : Generic Volatility Moneyness Term Surface,Generic Volatility Moneyness Term Surface,Volatility - Moneyness/TermSPEC,1,1825,0.4
rm_ro,Volatility - Moneyness/TermSPEC : Generic Volatility Moneyness Term Surface,Generic Volatility Moneyness Term Surface,Volatility - Moneyness/TermSPEC,1,2555,0.3
rm_ro,Volatility - Moneyness/TermSPEC : Generic Volatility Moneyness Term Surface,Generic Volatility Moneyness Term Surface,Volatility - Moneyness/TermSPEC,1,3650,0.25
rm_ro,Volatility - Moneyness/TermSPEC : Generic Volatility Moneyness Term Surface,Generic Volatility Moneyness Term Surface,Volatility - Moneyness/TermSPEC,1,5475,0.2
rm_ro,Volatility - Moneyness/TermSPEC : Generic Volatility Moneyness Term Surface,Generic Volatility Moneyness Term Surface,Volatility - Moneyness/TermSPEC,1,9125,0.15
rm_ro,Volatility - Moneyness/TermSPEC : Generic Volatility Moneyness Term Surface,Generic Volatility Moneyness Term Surface,Volatility - Moneyness/TermSPEC,1,10950,0.15
rm_ro,Volatility - Moneyness/TermSPEC : Generic Volatility Moneyness Term Surface,Generic Volatility Moneyness Term Surface,Volatility - Moneyness/TermSPEC,1,18250,0.1
BAS,Volatility - Moneyness/TermSPEC,Volatility - Moneyness/TermSPEC,Volatility - Moneyness/Term,MXLA-Vol-Factor,MXLA-Vol-Factor,0,FALSE,,,,,@Linear,,FALSE,FALSE
rm_ro,Volatility - Moneyness/TermSPEC : Generic Volatility Moneyness Term Surface,Generic Volatility Moneyness Term Surface,Volatility - Moneyness/TermSPEC,1,91,1
rm_ro,Volatility - Moneyness/TermSPEC : Generic Volatility Moneyness Term Surface,Generic Volatility Moneyness Term Surface,Volatility - Moneyness/TermSPEC,1,182,0.9
rm_ro,Volatility - Moneyness/TermSPEC : Generic Volatility Moneyness Term Surface,Generic Volatility Moneyness Term Surface,Volatility - Moneyness/TermSPEC,1,365,0.8
rm_ro,Volatility - Moneyness/TermSPEC : Generic Volatility Moneyness Term Surface,Generic Volatility Moneyness Term Surface,Volatility - Moneyness/TermSPEC,1,730,0.65
rm_ro,Volatility - Moneyness/TermSPEC : Generic Volatility Moneyness Term Surface,Generic Volatility Moneyness Term Surface,Volatility - Moneyness/TermSPEC,1,1095,0.55
rm_ro,Volatility - Moneyness/TermSPEC : Generic Volatility Moneyness Term Surface,Generic Volatility Moneyness Term Surface,Volatility - Moneyness/TermSPEC,1,1825,0.4
rm_ro,Volatility - Moneyness/TermSPEC : Generic Volatility Moneyness Term Surface,Generic Volatility Moneyness Term Surface,Volatility - Moneyness/TermSPEC,1,2555,0.3
rm_ro,Volatility - Moneyness/TermSPEC : Generic Volatility Moneyness Term Surface,Generic Volatility Moneyness Term Surface,Volatility - Moneyness/TermSPEC,1,3650,0.25
rm_ro,Volatility - Moneyness/TermSPEC : Generic Volatility Moneyness Term Surface,Generic Volatility Moneyness Term Surface,Volatility - Moneyness/TermSPEC,1,5475,0.2
rm_ro,Volatility - Moneyness/TermSPEC : Generic Volatility Moneyness Term Surface,Generic Volatility Moneyness Term Surface,Volatility - Moneyness/TermSPEC,1,9125,0.15
rm_ro,Volatility - Moneyness/TermSPEC : Generic Volatility Moneyness Term Surface,Generic Volatility Moneyness Term Surface,Volatility - Moneyness/TermSPEC,1,10950,0.15
rm_ro,Volatility - Moneyness/TermSPEC : Generic Volatility Moneyness Term Surface,Generic Volatility Moneyness Term Surface,Volatility - Moneyness/TermSPEC,1,18250,0.1
BAS,Volatility - Moneyness/TermSPEC,Volatility - Moneyness/TermSPEC,Volatility - Moneyness/Term,MXME-Vol-Factor,MXME-Vol-Factor,0,FALSE,,,,,@Linear,,FALSE,FALSE
rm_ro,Volatility - Moneyness/TermSPEC : Generic Volatility Moneyness Term Surface,Generic Volatility Moneyness Term Surface,Volatility - Moneyness/TermSPEC,1,91,1
rm_ro,Volatility - Moneyness/TermSPEC : Generic Volatility Moneyness Term Surface,Generic Volatility Moneyness Term Surface,Volatility - Moneyness/TermSPEC,1,182,0.9
rm_ro,Volatility - Moneyness/TermSPEC : Generic Volatility Moneyness Term Surface,Generic Volatility Moneyness Term Surface,Volatility - Moneyness/TermSPEC,1,365,0.8
rm_ro,Volatility - Moneyness/TermSPEC : Generic Volatility Moneyness Term Surface,Generic Volatility Moneyness Term Surface,Volatility - Moneyness/TermSPEC,1,730,0.65
rm_ro,Volatility - Moneyness/TermSPEC : Generic Volatility Moneyness Term Surface,Generic Volatility Moneyness Term Surface,Volatility - Moneyness/TermSPEC,1,1095,0.55
rm_ro,Volatility - Moneyness/TermSPEC : Generic Volatility Moneyness Term Surface,Generic Volatility Moneyness Term Surface,Volatility - Moneyness/TermSPEC,1,1825,0.4
rm_ro,Volatility - Moneyness/TermSPEC : Generic Volatility Moneyness Term Surface,Generic Volatility Moneyness Term Surface,Volatility - Moneyness/TermSPEC,1,2555,0.3
rm_ro,Volatility - Moneyness/TermSPEC : Generic Volatility Moneyness Term Surface,Generic Volatility Moneyness Term Surface,Volatility - Moneyness/TermSPEC,1,3650,0.25
rm_ro,Volatility - Moneyness/TermSPEC : Generic Volatility Moneyness Term Surface,Generic Volatility Moneyness Term Surface,Volatility - Moneyness/TermSPEC,1,5475,0.2
rm_ro,Volatility - Moneyness/TermSPEC : Generic Volatility Moneyness Term Surface,Generic Volatility Moneyness Term Surface,Volatility - Moneyness/TermSPEC,1,9125,0.15
rm_ro,Volatility - Moneyness/TermSPEC : Generic Volatility Moneyness Term Surface,Generic Volatility Moneyness Term Surface,Volatility - Moneyness/TermSPEC,1,10950,0.15
rm_ro,Volatility - Moneyness/TermSPEC : Generic Volatility Moneyness Term Surface,Generic Volatility Moneyness Term Surface,Volatility - Moneyness/TermSPEC,1,18250,0.1
BAS,Volatility - Moneyness/TermSPEC,Volatility - Moneyness/TermSPEC,Volatility - Moneyness/Term,MXWO0IT-Vol-Factor,MXWO0IT-Vol-Factor,0,FALSE,,,,,@Linear,,FALSE,FALSE
rm_ro,Volatility - Moneyness/TermSPEC : Generic Volatility Moneyness Term Surface,Generic Volatility Moneyness Term Surface,Volatility - Moneyness/TermSPEC,1,91,1
rm_ro,Volatility - Moneyness/TermSPEC : Generic Volatility Moneyness Term Surface,Generic Volatility Moneyness Term Surface,Volatility - Moneyness/TermSPEC,1,182,0.9
rm_ro,Volatility - Moneyness/TermSPEC : Generic Volatility Moneyness Term Surface,Generic Volatility Moneyness Term Surface,Volatility - Moneyness/TermSPEC,1,365,0.8
rm_ro,Volatility - Moneyness/TermSPEC : Generic Volatility Moneyness Term Surface,Generic Volatility Moneyness Term Surface,Volatility - Moneyness/TermSPEC,1,730,0.65
rm_ro,Volatility - Moneyness/TermSPEC : Generic Volatility Moneyness Term Surface,Generic Volatility Moneyness Term Surface,Volatility - Moneyness/TermSPEC,1,1095,0.55
rm_ro,Volatility - Moneyness/TermSPEC : Generic Volatility Moneyness Term Surface,Generic Volatility Moneyness Term Surface,Volatility - Moneyness/TermSPEC,1,1825,0.4
rm_ro,Volatility - Moneyness/TermSPEC : Generic Volatility Moneyness Term Surface,Generic Volatility Moneyness Term Surface,Volatility - Moneyness/TermSPEC,1,2555,0.3
rm_ro,Volatility - Moneyness/TermSPEC : Generic Volatility Moneyness Term Surface,Generic Volatility Moneyness Term Surface,Volatility - Moneyness/TermSPEC,1,3650,0.25
rm_ro,Volatility - Moneyness/TermSPEC : Generic Volatility Moneyness Term Surface,Generic Volatility Moneyness Term Surface,Volatility - Moneyness/TermSPEC,1,5475,0.2
rm_ro,Volatility - Moneyness/TermSPEC : Generic Volatility Moneyness Term Surface,Generic Volatility Moneyness Term Surface,Volatility - Moneyness/TermSPEC,1,9125,0.15
rm_ro,Volatility - Moneyness/TermSPEC : Generic Volatility Moneyness Term Surface,Generic Volatility Moneyness Term Surface,Volatility - Moneyness/TermSPEC,1,10950,0.15
rm_ro,Volatility - Moneyness/TermSPEC : Generic Volatility Moneyness Term Surface,Generic Volatility Moneyness Term Surface,Volatility - Moneyness/TermSPEC,1,18250,0.1
BAS,Volatility - Moneyness/TermSPEC,Volatility - Moneyness/TermSPEC,Volatility - Moneyness/Term,NIFTY-Vol-Factor,NIFTY-Vol-Factor,0,FALSE,,,,,@Linear,,FALSE,FALSE
rm_ro,Volatility - Moneyness/TermSPEC : Generic Volatility Moneyness Term Surface,Generic Volatility Moneyness Term Surface,Volatility - Moneyness/TermSPEC,1,91,1
rm_ro,Volatility - Moneyness/TermSPEC : Generic Volatility Moneyness Term Surface,Generic Volatility Moneyness Term Surface,Volatility - Moneyness/TermSPEC,1,182,0.9
rm_ro,Volatility - Moneyness/TermSPEC : Generic Volatility Moneyness Term Surface,Generic Volatility Moneyness Term Surface,Volatility - Moneyness/TermSPEC,1,365,0.8
rm_ro,Volatility - Moneyness/TermSPEC : Generic Volatility Moneyness Term Surface,Generic Volatility Moneyness Term Surface,Volatility - Moneyness/TermSPEC,1,730,0.65
rm_ro,Volatility - Moneyness/TermSPEC : Generic Volatility Moneyness Term Surface,Generic Volatility Moneyness Term Surface,Volatility - Moneyness/TermSPEC,1,1095,0.55
rm_ro,Volatility - Moneyness/TermSPEC : Generic Volatility Moneyness Term Surface,Generic Volatility Moneyness Term Surface,Volatility - Moneyness/TermSPEC,1,1825,0.4
rm_ro,Volatility - Moneyness/TermSPEC : Generic Volatility Moneyness Term Surface,Generic Volatility Moneyness Term Surface,Volatility - Moneyness/TermSPEC,1,2555,0.3
rm_ro,Volatility - Moneyness/TermSPEC : Generic Volatility Moneyness Term Surface,Generic Volatility Moneyness Term Surface,Volatility - Moneyness/TermSPEC,1,3650,0.25
rm_ro,Volatility - Moneyness/TermSPEC : Generic Volatility Moneyness Term Surface,Generic Volatility Moneyness Term Surface,Volatility - Moneyness/TermSPEC,1,5475,0.2
rm_ro,Volatility - Moneyness/TermSPEC : Generic Volatility Moneyness Term Surface,Generic Volatility Moneyness Term Surface,Volatility - Moneyness/TermSPEC,1,9125,0.15
rm_ro,Volatility - Moneyness/TermSPEC : Generic Volatility Moneyness Term Surface,Generic Volatility Moneyness Term Surface,Volatility - Moneyness/TermSPEC,1,10950,0.15
rm_ro,Volatility - Moneyness/TermSPEC : Generic Volatility Moneyness Term Surface,Generic Volatility Moneyness Term Surface,Volatility - Moneyness/TermSPEC,1,18250,0.1
BAS,Volatility - Moneyness/TermSPEC,Volatility - Moneyness/TermSPEC,Volatility - Moneyness/Term,OPALPACX-Vol-Factor,OPALPACX-Vol-Factor,0,FALSE,,,,,@Linear,,FALSE,FALSE
rm_ro,Volatility - Moneyness/TermSPEC : Generic Volatility Moneyness Term Surface,Generic Volatility Moneyness Term Surface,Volatility - Moneyness/TermSPEC,1,91,1
rm_ro,Volatility - Moneyness/TermSPEC : Generic Volatility Moneyness Term Surface,Generic Volatility Moneyness Term Surface,Volatility - Moneyness/TermSPEC,1,182,0.9
rm_ro,Volatility - Moneyness/TermSPEC : Generic Volatility Moneyness Term Surface,Generic Volatility Moneyness Term Surface,Volatility - Moneyness/TermSPEC,1,365,0.8
rm_ro,Volatility - Moneyness/TermSPEC : Generic Volatility Moneyness Term Surface,Generic Volatility Moneyness Term Surface,Volatility - Moneyness/TermSPEC,1,730,0.65
rm_ro,Volatility - Moneyness/TermSPEC : Generic Volatility Moneyness Term Surface,Generic Volatility Moneyness Term Surface,Volatility - Moneyness/TermSPEC,1,1095,0.55
rm_ro,Volatility - Moneyness/TermSPEC : Generic Volatility Moneyness Term Surface,Generic Volatility Moneyness Term Surface,Volatility - Moneyness/TermSPEC,1,1825,0.4
rm_ro,Volatility - Moneyness/TermSPEC : Generic Volatility Moneyness Term Surface,Generic Volatility Moneyness Term Surface,Volatility - Moneyness/TermSPEC,1,2555,0.3
rm_ro,Volatility - Moneyness/TermSPEC : Generic Volatility Moneyness Term Surface,Generic Volatility Moneyness Term Surface,Volatility - Moneyness/TermSPEC,1,3650,0.25
rm_ro,Volatility - Moneyness/TermSPEC : Generic Volatility Moneyness Term Surface,Generic Volatility Moneyness Term Surface,Volatility - Moneyness/TermSPEC,1,5475,0.2
rm_ro,Volatility - Moneyness/TermSPEC : Generic Volatility Moneyness Term Surface,Generic Volatility Moneyness Term Surface,Volatility - Moneyness/TermSPEC,1,9125,0.15
rm_ro,Volatility - Moneyness/TermSPEC : Generic Volatility Moneyness Term Surface,Generic Volatility Moneyness Term Surface,Volatility - Moneyness/TermSPEC,1,10950,0.15
rm_ro,Volatility - Moneyness/TermSPEC : Generic Volatility Moneyness Term Surface,Generic Volatility Moneyness Term Surface,Volatility - Moneyness/TermSPEC,1,18250,0.1
BAS,Volatility - Moneyness/TermSPEC,Volatility - Moneyness/TermSPEC,Volatility - Moneyness/Term,RAAX-Vol-Factor,RAAX-Vol-Factor,0,FALSE,,,,,@Linear,,FALSE,FALSE
rm_ro,Volatility - Moneyness/TermSPEC : Generic Volatility Moneyness Term Surface,Generic Volatility Moneyness Term Surface,Volatility - Moneyness/TermSPEC,1,91,1
rm_ro,Volatility - Moneyness/TermSPEC : Generic Volatility Moneyness Term Surface,Generic Volatility Moneyness Term Surface,Volatility - Moneyness/TermSPEC,1,182,0.9
rm_ro,Volatility - Moneyness/TermSPEC : Generic Volatility Moneyness Term Surface,Generic Volatility Moneyness Term Surface,Volatility - Moneyness/TermSPEC,1,365,0.8
rm_ro,Volatility - Moneyness/TermSPEC : Generic Volatility Moneyness Term Surface,Generic Volatility Moneyness Term Surface,Volatility - Moneyness/TermSPEC,1,730,0.65
rm_ro,Volatility - Moneyness/TermSPEC : Generic Volatility Moneyness Term Surface,Generic Volatility Moneyness Term Surface,Volatility - Moneyness/TermSPEC,1,1095,0.55
rm_ro,Volatility - Moneyness/TermSPEC : Generic Volatility Moneyness Term Surface,Generic Volatility Moneyness Term Surface,Volatility - Moneyness/TermSPEC,1,1825,0.4
rm_ro,Volatility - Moneyness/TermSPEC : Generic Volatility Moneyness Term Surface,Generic Volatility Moneyness Term Surface,Volatility - Moneyness/TermSPEC,1,2555,0.3
rm_ro,Volatility - Moneyness/TermSPEC : Generic Volatility Moneyness Term Surface,Generic Volatility Moneyness Term Surface,Volatility - Moneyness/TermSPEC,1,3650,0.25
rm_ro,Volatility - Moneyness/TermSPEC : Generic Volatility Moneyness Term Surface,Generic Volatility Moneyness Term Surface,Volatility - Moneyness/TermSPEC,1,5475,0.2
rm_ro,Volatility - Moneyness/TermSPEC : Generic Volatility Moneyness Term Surface,Generic Volatility Moneyness Term Surface,Volatility - Moneyness/TermSPEC,1,9125,0.15
rm_ro,Volatility - Moneyness/TermSPEC : Generic Volatility Moneyness Term Surface,Generic Volatility Moneyness Term Surface,Volatility - Moneyness/TermSPEC,1,10950,0.15
rm_ro,Volatility - Moneyness/TermSPEC : Generic Volatility Moneyness Term Surface,Generic Volatility Moneyness Term Surface,Volatility - Moneyness/TermSPEC,1,18250,0.1
BAS,Volatility - Moneyness/TermSPEC,Volatility - Moneyness/TermSPEC,Volatility - Moneyness/Term,SPEURO-Vol-Factor,SPEURO-Vol-Factor,0,FALSE,,,,,@Linear,,FALSE,FALSE
rm_ro,Volatility - Moneyness/TermSPEC : Generic Volatility Moneyness Term Surface,Generic Volatility Moneyness Term Surface,Volatility - Moneyness/TermSPEC,1,91,1
rm_ro,Volatility - Moneyness/TermSPEC : Generic Volatility Moneyness Term Surface,Generic Volatility Moneyness Term Surface,Volatility - Moneyness/TermSPEC,1,182,0.9
rm_ro,Volatility - Moneyness/TermSPEC : Generic Volatility Moneyness Term Surface,Generic Volatility Moneyness Term Surface,Volatility - Moneyness/TermSPEC,1,365,0.8
rm_ro,Volatility - Moneyness/TermSPEC : Generic Volatility Moneyness Term Surface,Generic Volatility Moneyness Term Surface,Volatility - Moneyness/TermSPEC,1,730,0.65
rm_ro,Volatility - Moneyness/TermSPEC : Generic Volatility Moneyness Term Surface,Generic Volatility Moneyness Term Surface,Volatility - Moneyness/TermSPEC,1,1095,0.55
rm_ro,Volatility - Moneyness/TermSPEC : Generic Volatility Moneyness Term Surface,Generic Volatility Moneyness Term Surface,Volatility - Moneyness/TermSPEC,1,1825,0.4
rm_ro,Volatility - Moneyness/TermSPEC : Generic Volatility Moneyness Term Surface,Generic Volatility Moneyness Term Surface,Volatility - Moneyness/TermSPEC,1,2555,0.3
rm_ro,Volatility - Moneyness/TermSPEC : Generic Volatility Moneyness Term Surface,Generic Volatility Moneyness Term Surface,Volatility - Moneyness/TermSPEC,1,3650,0.25
rm_ro,Volatility - Moneyness/TermSPEC : Generic Volatility Moneyness Term Surface,Generic Volatility Moneyness Term Surface,Volatility - Moneyness/TermSPEC,1,5475,0.2
rm_ro,Volatility - Moneyness/TermSPEC : Generic Volatility Moneyness Term Surface,Generic Volatility Moneyness Term Surface,Volatility - Moneyness/TermSPEC,1,9125,0.15
rm_ro,Volatility - Moneyness/TermSPEC : Generic Volatility Moneyness Term Surface,Generic Volatility Moneyness Term Surface,Volatility - Moneyness/TermSPEC,1,10950,0.15
rm_ro,Volatility - Moneyness/TermSPEC : Generic Volatility Moneyness Term Surface,Generic Volatility Moneyness Term Surface,Volatility - Moneyness/TermSPEC,1,18250,0.1
BAS,Volatility - Moneyness/TermSPEC,Volatility - Moneyness/TermSPEC,Volatility - Moneyness/Term,TPXDDVD-Vol-Factor,TPXDDVD-Vol-Factor,0,FALSE,,,,,@Linear,,FALSE,FALSE
rm_ro,Volatility - Moneyness/TermSPEC : Generic Volatility Moneyness Term Surface,Generic Volatility Moneyness Term Surface,Volatility - Moneyness/TermSPEC,1,91,1
rm_ro,Volatility - Moneyness/TermSPEC : Generic Volatility Moneyness Term Surface,Generic Volatility Moneyness Term Surface,Volatility - Moneyness/TermSPEC,1,182,0.9
rm_ro,Volatility - Moneyness/TermSPEC : Generic Volatility Moneyness Term Surface,Generic Volatility Moneyness Term Surface,Volatility - Moneyness/TermSPEC,1,365,0.8
rm_ro,Volatility - Moneyness/TermSPEC : Generic Volatility Moneyness Term Surface,Generic Volatility Moneyness Term Surface,Volatility - Moneyness/TermSPEC,1,730,0.65
rm_ro,Volatility - Moneyness/TermSPEC : Generic Volatility Moneyness Term Surface,Generic Volatility Moneyness Term Surface,Volatility - Moneyness/TermSPEC,1,1095,0.55
rm_ro,Volatility - Moneyness/TermSPEC : Generic Volatility Moneyness Term Surface,Generic Volatility Moneyness Term Surface,Volatility - Moneyness/TermSPEC,1,1825,0.4
rm_ro,Volatility - Moneyness/TermSPEC : Generic Volatility Moneyness Term Surface,Generic Volatility Moneyness Term Surface,Volatility - Moneyness/TermSPEC,1,2555,0.3
rm_ro,Volatility - Moneyness/TermSPEC : Generic Volatility Moneyness Term Surface,Generic Volatility Moneyness Term Surface,Volatility - Moneyness/TermSPEC,1,3650,0.25
rm_ro,Volatility - Moneyness/TermSPEC : Generic Volatility Moneyness Term Surface,Generic Volatility Moneyness Term Surface,Volatility - Moneyness/TermSPEC,1,5475,0.2
rm_ro,Volatility - Moneyness/TermSPEC : Generic Volatility Moneyness Term Surface,Generic Volatility Moneyness Term Surface,Volatility - Moneyness/TermSPEC,1,9125,0.15
rm_ro,Volatility - Moneyness/TermSPEC : Generic Volatility Moneyness Term Surface,Generic Volatility Moneyness Term Surface,Volatility - Moneyness/TermSPEC,1,10950,0.15
rm_ro,Volatility - Moneyness/TermSPEC : Generic Volatility Moneyness Term Surface,Generic Volatility Moneyness Term Surface,Volatility - Moneyness/TermSPEC,1,18250,0.1
BAS,Volatility - Moneyness/TermSPEC,Volatility - Moneyness/TermSPEC,Volatility - Moneyness/Term,XU100-Vol-Factor,XU100-Vol-Factor,0,FALSE,,,,,@Linear,,FALSE,FALSE
rm_ro,Volatility - Moneyness/TermSPEC : Generic Volatility Moneyness Term Surface,Generic Volatility Moneyness Term Surface,Volatility - Moneyness/TermSPEC,1,91,1
rm_ro,Volatility - Moneyness/TermSPEC : Generic Volatility Moneyness Term Surface,Generic Volatility Moneyness Term Surface,Volatility - Moneyness/TermSPEC,1,182,0.9
rm_ro,Volatility - Moneyness/TermSPEC : Generic Volatility Moneyness Term Surface,Generic Volatility Moneyness Term Surface,Volatility - Moneyness/TermSPEC,1,365,0.8
rm_ro,Volatility - Moneyness/TermSPEC : Generic Volatility Moneyness Term Surface,Generic Volatility Moneyness Term Surface,Volatility - Moneyness/TermSPEC,1,730,0.65
rm_ro,Volatility - Moneyness/TermSPEC : Generic Volatility Moneyness Term Surface,Generic Volatility Moneyness Term Surface,Volatility - Moneyness/TermSPEC,1,1095,0.55
rm_ro,Volatility - Moneyness/TermSPEC : Generic Volatility Moneyness Term Surface,Generic Volatility Moneyness Term Surface,Volatility - Moneyness/TermSPEC,1,1825,0.4
rm_ro,Volatility - Moneyness/TermSPEC : Generic Volatility Moneyness Term Surface,Generic Volatility Moneyness Term Surface,Volatility - Moneyness/TermSPEC,1,2555,0.3
rm_ro,Volatility - Moneyness/TermSPEC : Generic Volatility Moneyness Term Surface,Generic Volatility Moneyness Term Surface,Volatility - Moneyness/TermSPEC,1,3650,0.25
rm_ro,Volatility - Moneyness/TermSPEC : Generic Volatility Moneyness Term Surface,Generic Volatility Moneyness Term Surface,Volatility - Moneyness/TermSPEC,1,5475,0.2
rm_ro,Volatility - Moneyness/TermSPEC : Generic Volatility Moneyness Term Surface,Generic Volatility Moneyness Term Surface,Volatility - Moneyness/TermSPEC,1,9125,0.15
rm_ro,Volatility - Moneyness/TermSPEC : Generic Volatility Moneyness Term Surface,Generic Volatility Moneyness Term Surface,Volatility - Moneyness/TermSPEC,1,10950,0.15
rm_ro,Volatility - Moneyness/TermSPEC : Generic Volatility Moneyness Term Surface,Generic Volatility Moneyness Term Surface,Volatility - Moneyness/TermSPEC,1,18250,0.1
